opportunity_id,title,organization,category,domain,description,min_cgpa,max_cgpa,eligible_years,eligible_branches,eligible_degrees,age_min,age_max,nationality,gender_requirement,required_skills,preferred_skills,technical_skills,soft_skills,required_experience,certifications_required,projects_required,location,city,work_mode,start_date,end_date,deadline,duration,stipend,funding_amount,benefits,certificate,mentorship,placement_opportunity,career_impact,application_url,contact_email,last_verified,status
1,Artificial Intelligence Opportunity 1,GovSampleOrg1,Government Internship,Artificial Intelligence,Government Internship in Artificial Intelligence for student development,6.0,NA,2|3,CSE|IT|AIML,UG|PG,18,NA,International,Any,C|JavaScript,SQL|DSA,C|JavaScript,Communication|Teamwork|Problem Solving,Basic Experience,NPTEL Preferred,Yes,Online,Bengaluru,On-site,2026-09-11,2026-10-12,2026-09-11,2 Months,10000 INR/month,50000 INR,Stipend|Certificate|Mentorship,Yes,No,Yes,Medium,https://sample-opportunities.example/opportunity/1,contact1@sampleorg.example,2026-09-04,Upcoming
2,Machine Learning Opportunity 2,GovSampleOrg2,Government Scholarship,Machine Learning,Government Scholarship in Machine Learning for student development,7.0,NA,3|4,All Engineering,BTech|BE,18,NA,Any,Any,C++|HTML,Git|Algorithms,C++|HTML,Communication|Teamwork|Problem Solving,Research Experience,Cloud Certification Preferred,No,International,Delhi,Hybrid,2026-09-12,2026-10-14,2026-09-11,3 Months,20000 INR/month,100000 INR,Funding|Networking,Yes,Yes,No,Low,https://sample-opportunities.example/opportunity/2,contact2@sampleorg.example,2026-09-04,Closed
3,Data Science Opportunity 3,GovSampleOrg3,Government Fellowship,Data Science,Government Fellowship in Data Science for student development,7.5,NA,1|2|3|4,ECE|EEE|CSE,Any Degree,18,NA,India,Any,Java|CSS,GitHub|Machine Learning,Java|CSS,Communication|Teamwork|Problem Solving,None,NA,Yes,India,Mumbai,Online,2026-09-13,2026-10-16,2026-09-11,4 Months,30000 INR/month,250000 INR,Prize|Certificate,Yes,No,No,High,https://sample-opportunities.example/opportunity/3,contact3@sampleorg.example,2026-09-04,Open
4,Web Development Opportunity 4,GovSampleOrg4,Government Program,Web Development,Government Program in Web Development for student development,8.0,NA,1,All,UG,18,NA,International,Any,JavaScript|SQL,DSA|Deep Learning,JavaScript|SQL,Communication|Teamwork|Problem Solving,Basic Experience,NPTEL Preferred,No,Online,Hyderabad,Remote,2026-09-14,2026-10-18,2026-09-12,5 Months,NA,NA,Certificate|Mentorship,Yes,Yes,No,Medium,https://sample-opportunities.example/opportunity/4,contact4@sampleorg.example,2026-09-04,Upcoming
5,Mobile Development Opportunity 5,GovSampleOrg5,Government Research Program,Mobile Development,Government Research Program in Mobile Development for student development,NA,NA,2|3,CSE|IT|AIML,UG|PG,18,NA,Any,Any,HTML|Git,Algorithms|Artificial Intelligence,HTML|Git,Communication|Teamwork|Problem Solving,Research Experience,Cloud Certification Preferred,Yes,International,NA,On-site,2026-09-15,2026-10-20,2026-09-12,6 Months,10000 INR/month,50000 INR,Stipend|Certificate|Mentorship,Yes,No,No,Low,https://sample-opportunities.example/opportunity/5,contact5@sampleorg.example,2026-09-04,Closed
6,Software Engineering Opportunity 6,GovSampleOrg6,Government Skill Development Program,Software Engineering,Government Skill Development Program in Software Engineering for student development,6.0,NA,3|4,All Engineering,BTech|BE,18,NA,India,Any,CSS|GitHub,Machine Learning|Data Science,CSS|GitHub,Communication|Teamwork|Problem Solving,None,NA,No,India,Bengaluru,Hybrid,2026-09-16,2026-10-22,2026-09-13,7 Months,20000 INR/month,100000 INR,Funding|Networking,Yes,Yes,No,High,https://sample-opportunities.example/opportunity/6,contact6@sampleorg.example,2026-09-04,Open
7,Cybersecurity Opportunity 7,GovSampleOrg7,Government Innovation Program,Cybersecurity,Government Innovation Program in Cybersecurity for student development,7.0,NA,1|2|3|4,ECE|EEE|CSE,Any Degree,18,NA,International,Any,SQL|DSA,Deep Learning|Statistics,SQL|DSA,Communication|Teamwork|Problem Solving,Basic Experience,NPTEL Preferred,Yes,Online,Delhi,Online,2026-09-17,2026-10-24,2026-09-13,8 Months,30000 INR/month,250000 INR,Prize|Certificate,Yes,No,No,Medium,https://sample-opportunities.example/opportunity/7,contact7@sampleorg.example,2026-09-04,Upcoming
8,Cloud Computing Opportunity 8,GovSampleOrg8,Government Grant,Cloud Computing,Government Grant in Cloud Computing for student development,7.5,NA,1,All,UG,18,NA,Any,Any,Git|Algorithms,Artificial Intelligence|Pandas,Git|Algorithms,Communication|Teamwork|Problem Solving,Research Experience,Cloud Certification Preferred,No,International,Mumbai,Remote,2026-09-18,2026-10-26,2026-09-14,9 Months,NA,NA,Certificate|Mentorship,Yes,Yes,No,Low,https://sample-opportunities.example/opportunity/8,contact8@sampleorg.example,2026-09-04,Closed
9,DevOps Opportunity 9,GovSampleOrg9,Public Sector Internship,DevOps,Public Sector Internship in DevOps for student development,8.0,NA,2|3,CSE|IT|AIML,UG|PG,18,NA,India,Any,GitHub|Machine Learning,Data Science|NumPy,GitHub|Machine Learning,Communication|Teamwork|Problem Solving,None,NA,Yes,India,Hyderabad,On-site,2026-09-19,2026-10-28,2026-09-14,10 Months,10000 INR/month,50000 INR,Stipend|Certificate|Mentorship,Yes,No,Yes,High,https://sample-opportunities.example/opportunity/9,contact9@sampleorg.example,2026-09-04,Open
10,Blockchain Opportunity 10,GovSampleOrg10,Private Internship,Blockchain,Private Internship in Blockchain for student development,NA,NA,3|4,All Engineering,BTech|BE,18,NA,International,Any,DSA|Deep Learning,Statistics|TensorFlow,DSA|Deep Learning,Communication|Teamwork|Problem Solving,Basic Experience,NPTEL Preferred,No,Online,NA,Hybrid,2026-09-20,2026-10-30,2026-09-15,11 Months,20000 INR/month,100000 INR,Funding|Networking,Yes,Yes,Yes,Medium,https://sample-opportunities.example/opportunity/10,contact10@sampleorg.example,2026-09-04,Upcoming
11,Robotics Opportunity 11,GovSampleOrg11,Technology Internship,Robotics,Technology Internship in Robotics for student development,6.0,NA,1|2|3|4,ECE|EEE|CSE,Any Degree,18,NA,Any,Any,Algorithms|Artificial Intelligence,Pandas|PyTorch,Algorithms|Artificial Intelligence,Communication|Teamwork|Problem Solving,Research Experience,Cloud Certification Preferred,Yes,International,Bengaluru,Online,2026-09-21,2026-11-01,2026-09-15,12 Months,30000 INR/month,250000 INR,Prize|Certificate,Yes,No,Yes,Low,https://sample-opportunities.example/opportunity/11,contact11@sampleorg.example,2026-09-04,Closed
12,Internet of Things Opportunity 12,GovSampleOrg12,Research Internship,Internet of Things,Research Internship in Internet of Things for student development,7.0,NA,1,All,UG,18,NA,India,Any,Machine Learning|Data Science,NumPy|NLP,Machine Learning|Data Science,Communication|Teamwork|Problem Solving,None,NA,No,India,Delhi,Remote,2026-09-22,2026-11-03,2026-09-16,1 Months,NA,NA,Certificate|Mentorship,Yes,Yes,Yes,High,https://sample-opportunities.example/opportunity/12,contact12@sampleorg.example,2026-09-04,Open
13,Computer Vision Opportunity 13,GovSampleOrg13,Scholarship,Computer Vision,Scholarship in Computer Vision for student development,7.5,NA,2|3,CSE|IT|AIML,UG|PG,18,NA,International,Any,Deep Learning|Statistics,TensorFlow|Computer Vision,Deep Learning|Statistics,Communication|Teamwork|Problem Solving,Basic Experience,NPTEL Preferred,Yes,Online,Mumbai,On-site,2026-09-23,2026-11-05,2026-09-16,2 Months,10000 INR/month,50000 INR,Stipend|Certificate|Mentorship,Yes,No,No,Medium,https://sample-opportunities.example/opportunity/13,contact13@sampleorg.example,2026-09-04,Upcoming
14,Natural Language Processing Opportunity 14,GovSampleOrg14,Fellowship,Natural Language Processing,Fellowship in Natural Language Processing for student development,8.0,NA,3|4,All Engineering,BTech|BE,18,NA,Any,Any,Artificial Intelligence|Pandas,PyTorch|Cybersecurity,Artificial Intelligence|Pandas,Communication|Teamwork|Problem Solving,Research Experience,Cloud Certification Preferred,No,International,Hyderabad,Hybrid,2026-09-24,2026-11-07,2026-09-17,3 Months,20000 INR/month,100000 INR,Funding|Networking,Yes,Yes,No,Low,https://sample-opportunities.example/opportunity/14,contact14@sampleorg.example,2026-09-04,Closed
15,FinTech Opportunity 15,GovSampleOrg15,Hackathon,FinTech,Hackathon in FinTech for student development,NA,NA,1|2|3|4,ECE|EEE|CSE,Any Degree,18,NA,India,Any,Data Science|NumPy,NLP|Linux,Data Science|NumPy,Communication|Teamwork|Problem Solving,None,NA,Yes,India,NA,Online,2026-09-25,2026-11-09,2026-09-17,4 Months,30000 INR/month,250000 INR,Prize|Certificate,Yes,No,No,High,https://sample-opportunities.example/opportunity/15,contact15@sampleorg.example,2026-09-04,Open
16,Healthcare Technology Opportunity 16,GovSampleOrg16,Competition,Healthcare Technology,Competition in Healthcare Technology for student development,6.0,NA,1,All,UG,18,NA,International,Any,Statistics|TensorFlow,Computer Vision|Networking,Statistics|TensorFlow,Communication|Teamwork|Problem Solving,Basic Experience,NPTEL Preferred,No,Online,Bengaluru,Remote,2026-09-26,2026-11-11,2026-09-18,5 Months,NA,NA,Certificate|Mentorship,Yes,Yes,No,Medium,https://sample-opportunities.example/opportunity/16,contact16@sampleorg.example,2026-09-04,Upcoming
17,EdTech Opportunity 17,GovSampleOrg17,Grant,EdTech,Grant in EdTech for student development,7.0,NA,2|3,CSE|IT|AIML,UG|PG,18,NA,Any,Any,Pandas|PyTorch,Cybersecurity|AWS,Pandas|PyTorch,Communication|Teamwork|Problem Solving,Research Experience,Cloud Certification Preferred,Yes,International,Delhi,On-site,2026-09-27,2026-11-13,2026-09-18,6 Months,10000 INR/month,50000 INR,Stipend|Certificate|Mentorship,Yes,No,No,Low,https://sample-opportunities.example/opportunity/17,contact17@sampleorg.example,2026-09-04,Closed
18,UI/UX Opportunity 18,GovSampleOrg18,Exchange Program,UI/UX,Exchange Program in UI/UX for student development,7.5,NA,3|4,All Engineering,BTech|BE,18,NA,India,Any,NumPy|NLP,Linux|Azure,NumPy|NLP,Communication|Teamwork|Problem Solving,None,NA,No,India,Mumbai,Hybrid,2026-09-28,2026-11-15,2026-09-19,7 Months,20000 INR/month,100000 INR,Funding|Networking,Yes,Yes,No,High,https://sample-opportunities.example/opportunity/18,contact18@sampleorg.example,2026-09-04,Open
19,Research Opportunity 19,GovSampleOrg19,Certification,Research,Certification in Research for student development,8.0,NA,1|2|3|4,ECE|EEE|CSE,Any Degree,18,NA,International,Any,TensorFlow|Computer Vision,Networking|Docker,TensorFlow|Computer Vision,Communication|Teamwork|Problem Solving,Basic Experience,NPTEL Preferred,Yes,Online,Hyderabad,Online,2026-09-29,2026-11-17,2026-09-19,8 Months,30000 INR/month,250000 INR,Prize|Certificate,Yes,No,No,Medium,https://sample-opportunities.example/opportunity/19,contact19@sampleorg.example,2026-09-04,Upcoming
20,Entrepreneurship Opportunity 20,GovSampleOrg20,Apprenticeship,Entrepreneurship,Apprenticeship in Entrepreneurship for student development,NA,NA,1,All,UG,18,NA,Any,Any,PyTorch|Cybersecurity,AWS|Kubernetes,PyTorch|Cybersecurity,Communication|Teamwork|Problem Solving,Research Experience,Cloud Certification Preferred,No,International,NA,Remote,2026-09-30,2026-11-19,2026-09-20,9 Months,NA,NA,Certificate|Mentorship,Yes,Yes,Yes,Low,https://sample-opportunities.example/opportunity/20,contact20@sampleorg.example,2026-09-04,Closed
21,Sustainability Opportunity 21,GovSampleOrg21,Training Program,Sustainability,Training Program in Sustainability for student development,6.0,NA,2|3,CSE|IT|AIML,UG|PG,18,NA,India,Any,NLP|Linux,Azure|Flutter,NLP|Linux,Communication|Teamwork|Problem Solving,None,NA,Yes,India,Bengaluru,On-site,2026-10-01,2026-11-21,2026-09-20,10 Months,10000 INR/month,50000 INR,Stipend|Certificate|Mentorship,Yes,No,No,High,https://sample-opportunities.example/opportunity/21,contact21@sampleorg.example,2026-09-04,Open
22,Competitive Programming Opportunity 22,GovSampleOrg22,Entrepreneurship Program,Competitive Programming,Entrepreneurship Program in Competitive Programming for student development,7.0,NA,3|4,All Engineering,BTech|BE,18,NA,International,Any,Computer Vision|Networking,Docker|Kotlin,Computer Vision|Networking,Communication|Teamwork|Problem Solving,Basic Experience,NPTEL Preferred,No,Online,Delhi,Hybrid,2026-10-02,2026-11-23,2026-09-21,11 Months,20000 INR/month,100000 INR,Funding|Networking,Yes,Yes,No,Medium,https://sample-opportunities.example/opportunity/22,contact22@sampleorg.example,2026-09-04,Upcoming
23,Artificial Intelligence Opportunity 23,GovSampleOrg23,Workshop,Artificial Intelligence,Workshop in Artificial Intelligence for student development,7.5,NA,1|2|3|4,ECE|EEE|CSE,Any Degree,18,NA,Any,Any,Cybersecurity|AWS,Kubernetes|Android,Cybersecurity|AWS,Communication|Teamwork|Problem Solving,Research Experience,Cloud Certification Preferred,Yes,International,Mumbai,Online,2026-10-03,2026-11-25,2026-09-21,12 Months,30000 INR/month,250000 INR,Prize|Certificate,Yes,No,No,Low,https://sample-opportunities.example/opportunity/23,contact23@sampleorg.example,2026-09-04,Closed
24,Machine Learning Opportunity 24,GovSampleOrg24,Open Source Program,Machine Learning,Open Source Program in Machine Learning for student development,8.0,NA,1,All,UG,18,NA,India,Any,Linux|Azure,Flutter|React,Linux|Azure,Communication|Teamwork|Problem Solving,None,NA,No,India,Hyderabad,Remote,2026-10-04,2026-11-27,2026-09-22,1 Months,NA,NA,Certificate|Mentorship,Yes,Yes,No,High,https://sample-opportunities.example/opportunity/24,contact24@sampleorg.example,2026-09-04,Open
25,Data Science Opportunity 25,GovSampleOrg25,Government Internship,Data Science,Government Internship in Data Science for student development,NA,NA,2|3,CSE|IT|AIML,UG|PG,18,NA,International,Any,Networking|Docker,Kotlin|Node.js,Networking|Docker,Communication|Teamwork|Problem Solving,Basic Experience,NPTEL Preferred,Yes,Online,NA,On-site,2026-10-05,2026-11-29,2026-09-22,2 Months,10000 INR/month,50000 INR,Stipend|Certificate|Mentorship,Yes,No,Yes,Medium,https://sample-opportunities.example/opportunity/25,contact25@sampleorg.example,2026-09-04,Upcoming
26,Web Development Opportunity 26,GovSampleOrg26,Government Scholarship,Web Development,Government Scholarship in Web Development for student development,6.0,NA,3|4,All Engineering,BTech|BE,18,NA,Any,Any,AWS|Kubernetes,Android|MongoDB,AWS|Kubernetes,Communication|Teamwork|Problem Solving,Research Experience,Cloud Certification Preferred,No,International,Bengaluru,Hybrid,2026-10-06,2026-12-01,2026-09-23,3 Months,20000 INR/month,100000 INR,Funding|Networking,Yes,Yes,No,Low,https://sample-opportunities.example/opportunity/26,contact26@sampleorg.example,2026-09-04,Closed
27,Mobile Development Opportunity 27,GovSampleOrg27,Government Fellowship,Mobile Development,Government Fellowship in Mobile Development for student development,7.0,NA,1|2|3|4,ECE|EEE|CSE,Any Degree,18,NA,India,Any,Azure|Flutter,React|Figma,Azure|Flutter,Communication|Teamwork|Problem Solving,None,NA,Yes,India,Delhi,Online,2026-10-07,2026-12-03,2026-09-23,4 Months,30000 INR/month,250000 INR,Prize|Certificate,Yes,No,No,High,https://sample-opportunities.example/opportunity/27,contact27@sampleorg.example,2026-09-04,Open
28,Software Engineering Opportunity 28,GovSampleOrg28,Government Program,Software Engineering,Government Program in Software Engineering for student development,7.5,NA,1,All,UG,18,NA,International,Any,Docker|Kotlin,Node.js|IoT,Docker|Kotlin,Communication|Teamwork|Problem Solving,Basic Experience,NPTEL Preferred,No,Online,Mumbai,Remote,2026-10-08,2026-12-05,2026-09-24,5 Months,NA,NA,Certificate|Mentorship,Yes,Yes,No,Medium,https://sample-opportunities.example/opportunity/28,contact28@sampleorg.example,2026-09-04,Upcoming
29,Cybersecurity Opportunity 29,GovSampleOrg29,Government Research Program,Cybersecurity,Government Research Program in Cybersecurity for student development,8.0,NA,2|3,CSE|IT|AIML,UG|PG,18,NA,Any,Any,Kubernetes|Android,MongoDB|Arduino,Kubernetes|Android,Communication|Teamwork|Problem Solving,Research Experience,Cloud Certification Preferred,Yes,International,Hyderabad,On-site,2026-10-09,2026-12-07,2026-09-24,6 Months,10000 INR/month,50000 INR,Stipend|Certificate|Mentorship,Yes,No,No,Low,https://sample-opportunities.example/opportunity/29,contact29@sampleorg.example,2026-09-04,Closed
30,Cloud Computing Opportunity 30,GovSampleOrg30,Government Skill Development Program,Cloud Computing,Government Skill Development Program in Cloud Computing for student development,NA,NA,3|4,All Engineering,BTech|BE,18,NA,India,Any,Flutter|React,Figma|Blockchain,Flutter|React,Communication|Teamwork|Problem Solving,None,NA,No,India,NA,Hybrid,2026-10-10,2026-12-09,2026-09-25,7 Months,20000 INR/month,100000 INR,Funding|Networking,Yes,Yes,No,High,https://sample-opportunities.example/opportunity/30,contact30@sampleorg.example,2026-09-04,Open
31,DevOps Opportunity 31,GovSampleOrg31,Government Innovation Program,DevOps,Government Innovation Program in DevOps for student development,6.0,NA,1|2|3|4,ECE|EEE|CSE,Any Degree,18,NA,International,Any,Kotlin|Node.js,IoT|Solidity,Kotlin|Node.js,Communication|Teamwork|Problem Solving,Basic Experience,NPTEL Preferred,Yes,Online,Bengaluru,Online,2026-10-11,2026-12-11,2026-09-25,8 Months,30000 INR/month,250000 INR,Prize|Certificate,Yes,No,No,Medium,https://sample-opportunities.example/opportunity/31,contact31@sampleorg.example,2026-09-04,Upcoming
32,Blockchain Opportunity 32,GovSampleOrg32,Government Grant,Blockchain,Government Grant in Blockchain for student development,7.0,NA,1,All,UG,18,NA,Any,Any,Android|MongoDB,Arduino|Research,Android|MongoDB,Communication|Teamwork|Problem Solving,Research Experience,Cloud Certification Preferred,No,International,Delhi,Remote,2026-10-12,2026-12-13,2026-09-26,9 Months,NA,NA,Certificate|Mentorship,Yes,Yes,No,Low,https://sample-opportunities.example/opportunity/32,contact32@sampleorg.example,2026-09-04,Closed
33,Robotics Opportunity 33,GovSampleOrg33,Public Sector Internship,Robotics,Public Sector Internship in Robotics for student development,7.5,NA,2|3,CSE|IT|AIML,UG|PG,18,NA,India,Any,React|Figma,Blockchain|Data Analysis,React|Figma,Communication|Teamwork|Problem Solving,None,NA,Yes,India,Mumbai,On-site,2026-10-13,2026-12-15,2026-09-26,10 Months,10000 INR/month,50000 INR,Stipend|Certificate|Mentorship,Yes,No,Yes,High,https://sample-opportunities.example/opportunity/33,contact33@sampleorg.example,2026-09-04,Open
34,Internet of Things Opportunity 34,GovSampleOrg34,Private Internship,Internet of Things,Private Internship in Internet of Things for student development,8.0,NA,3|4,All Engineering,BTech|BE,18,NA,International,Any,Node.js|IoT,Solidity|Python,Node.js|IoT,Communication|Teamwork|Problem Solving,Basic Experience,NPTEL Preferred,No,Online,Hyderabad,Hybrid,2026-10-14,2026-12-17,2026-09-27,11 Months,20000 INR/month,100000 INR,Funding|Networking,Yes,Yes,Yes,Medium,https://sample-opportunities.example/opportunity/34,contact34@sampleorg.example,2026-09-04,Upcoming
35,Computer Vision Opportunity 35,GovSampleOrg35,Technology Internship,Computer Vision,Technology Internship in Computer Vision for student development,NA,NA,1|2|3|4,ECE|EEE|CSE,Any Degree,18,NA,Any,Any,MongoDB|Arduino,Research|C,MongoDB|Arduino,Communication|Teamwork|Problem Solving,Research Experience,Cloud Certification Preferred,Yes,International,NA,Online,2026-10-15,2026-12-19,2026-09-27,12 Months,30000 INR/month,250000 INR,Prize|Certificate,Yes,No,Yes,Low,https://sample-opportunities.example/opportunity/35,contact35@sampleorg.example,2026-09-04,Closed
36,Natural Language Processing Opportunity 36,GovSampleOrg36,Research Internship,Natural Language Processing,Research Internship in Natural Language Processing for student development,6.0,NA,1,All,UG,18,NA,India,Any,Figma|Blockchain,Data Analysis|C++,Figma|Blockchain,Communication|Teamwork|Problem Solving,None,NA,No,India,Bengaluru,Remote,2026-10-16,2026-12-21,2026-09-28,1 Months,NA,NA,Certificate|Mentorship,Yes,Yes,Yes,High,https://sample-opportunities.example/opportunity/36,contact36@sampleorg.example,2026-09-04,Open
37,FinTech Opportunity 37,GovSampleOrg37,Scholarship,FinTech,Scholarship in FinTech for student development,7.0,NA,2|3,CSE|IT|AIML,UG|PG,18,NA,International,Any,IoT|Solidity,Python|Java,IoT|Solidity,Communication|Teamwork|Problem Solving,Basic Experience,NPTEL Preferred,Yes,Online,Delhi,On-site,2026-10-17,2026-12-23,2026-09-28,2 Months,10000 INR/month,50000 INR,Stipend|Certificate|Mentorship,Yes,No,No,Medium,https://sample-opportunities.example/opportunity/37,contact37@sampleorg.example,2026-09-04,Upcoming
38,Healthcare Technology Opportunity 38,GovSampleOrg38,Fellowship,Healthcare Technology,Fellowship in Healthcare Technology for student development,7.5,NA,3|4,All Engineering,BTech|BE,18,NA,Any,Any,Arduino|Research,C|JavaScript,Arduino|Research,Communication|Teamwork|Problem Solving,Research Experience,Cloud Certification Preferred,No,International,Mumbai,Hybrid,2026-10-18,2026-12-25,2026-09-29,3 Months,20000 INR/month,100000 INR,Funding|Networking,Yes,Yes,No,Low,https://sample-opportunities.example/opportunity/38,contact38@sampleorg.example,2026-09-04,Closed
39,EdTech Opportunity 39,GovSampleOrg39,Hackathon,EdTech,Hackathon in EdTech for student development,8.0,NA,1|2|3|4,ECE|EEE|CSE,Any Degree,18,NA,India,Any,Blockchain|Data Analysis,C++|HTML,Blockchain|Data Analysis,Communication|Teamwork|Problem Solving,None,NA,Yes,India,Hyderabad,Online,2026-10-19,2026-12-27,2026-09-29,4 Months,30000 INR/month,250000 INR,Prize|Certificate,Yes,No,No,High,https://sample-opportunities.example/opportunity/39,contact39@sampleorg.example,2026-09-04,Open
40,UI/UX Opportunity 40,GovSampleOrg40,Competition,UI/UX,Competition in UI/UX for student development,NA,NA,1,All,UG,18,NA,International,Any,Solidity|Python,Java|CSS,Solidity|Python,Communication|Teamwork|Problem Solving,Basic Experience,NPTEL Preferred,No,Online,NA,Remote,2026-10-20,2026-12-29,2026-09-30,5 Months,NA,NA,Certificate|Mentorship,Yes,Yes,No,Medium,https://sample-opportunities.example/opportunity/40,contact40@sampleorg.example,2026-09-04,Upcoming
41,Research Opportunity 41,GovSampleOrg41,Grant,Research,Grant in Research for student development,6.0,NA,2|3,CSE|IT|AIML,UG|PG,18,NA,Any,Any,Research|C,JavaScript|SQL,Research|C,Communication|Teamwork|Problem Solving,Research Experience,Cloud Certification Preferred,Yes,International,Bengaluru,On-site,2026-10-21,2026-12-31,2026-09-30,6 Months,10000 INR/month,50000 INR,Stipend|Certificate|Mentorship,Yes,No,No,Low,https://sample-opportunities.example/opportunity/41,contact41@sampleorg.example,2026-09-04,Closed
42,Entrepreneurship Opportunity 42,GovSampleOrg42,Exchange Program,Entrepreneurship,Exchange Program in Entrepreneurship for student development,7.0,NA,3|4,All Engineering,BTech|BE,18,NA,India,Any,Data Analysis|C++,HTML|Git,Data Analysis|C++,Communication|Teamwork|Problem Solving,None,NA,No,India,Delhi,Hybrid,2026-10-22,2027-01-02,2026-10-01,7 Months,20000 INR/month,100000 INR,Funding|Networking,Yes,Yes,No,High,https://sample-opportunities.example/opportunity/42,contact42@sampleorg.example,2026-09-04,Open
43,Sustainability Opportunity 43,GovSampleOrg43,Certification,Sustainability,Certification in Sustainability for student development,7.5,NA,1|2|3|4,ECE|EEE|CSE,Any Degree,18,NA,International,Any,Python|Java,CSS|GitHub,Python|Java,Communication|Teamwork|Problem Solving,Basic Experience,NPTEL Preferred,Yes,Online,Mumbai,Online,2026-10-23,2027-01-04,2026-10-01,8 Months,30000 INR/month,250000 INR,Prize|Certificate,Yes,No,No,Medium,https://sample-opportunities.example/opportunity/43,contact43@sampleorg.example,2026-09-04,Upcoming
44,Competitive Programming Opportunity 44,GovSampleOrg44,Apprenticeship,Competitive Programming,Apprenticeship in Competitive Programming for student development,8.0,NA,1,All,UG,18,NA,Any,Any,C|JavaScript,SQL|DSA,C|JavaScript,Communication|Teamwork|Problem Solving,Research Experience,Cloud Certification Preferred,No,International,Hyderabad,Remote,2026-10-24,2027-01-06,2026-10-02,9 Months,NA,NA,Certificate|Mentorship,Yes,Yes,Yes,Low,https://sample-opportunities.example/opportunity/44,contact44@sampleorg.example,2026-09-04,Closed
45,Artificial Intelligence Opportunity 45,GovSampleOrg45,Training Program,Artificial Intelligence,Training Program in Artificial Intelligence for student development,NA,NA,2|3,CSE|IT|AIML,UG|PG,18,NA,India,Any,C++|HTML,Git|Algorithms,C++|HTML,Communication|Teamwork|Problem Solving,None,NA,Yes,India,NA,On-site,2026-10-25,2027-01-08,2026-10-02,10 Months,10000 INR/month,50000 INR,Stipend|Certificate|Mentorship,Yes,No,No,High,https://sample-opportunities.example/opportunity/45,contact45@sampleorg.example,2026-09-04,Open
46,Machine Learning Opportunity 46,GovSampleOrg46,Entrepreneurship Program,Machine Learning,Entrepreneurship Program in Machine Learning for student development,6.0,NA,3|4,All Engineering,BTech|BE,18,NA,International,Any,Java|CSS,GitHub|Machine Learning,Java|CSS,Communication|Teamwork|Problem Solving,Basic Experience,NPTEL Preferred,No,Online,Bengaluru,Hybrid,2026-10-26,2027-01-10,2026-10-03,11 Months,20000 INR/month,100000 INR,Funding|Networking,Yes,Yes,No,Medium,https://sample-opportunities.example/opportunity/46,contact46@sampleorg.example,2026-09-04,Upcoming
47,Data Science Opportunity 47,GovSampleOrg47,Workshop,Data Science,Workshop in Data Science for student development,7.0,NA,1|2|3|4,ECE|EEE|CSE,Any Degree,18,NA,Any,Any,JavaScript|SQL,DSA|Deep Learning,JavaScript|SQL,Communication|Teamwork|Problem Solving,Research Experience,Cloud Certification Preferred,Yes,International,Delhi,Online,2026-10-27,2027-01-12,2026-10-03,12 Months,30000 INR/month,250000 INR,Prize|Certificate,Yes,No,No,Low,https://sample-opportunities.example/opportunity/47,contact47@sampleorg.example,2026-09-04,Closed
48,Web Development Opportunity 48,GovSampleOrg48,Open Source Program,Web Development,Open Source Program in Web Development for student development,7.5,NA,1,All,UG,18,NA,India,Any,HTML|Git,Algorithms|Artificial Intelligence,HTML|Git,Communication|Teamwork|Problem Solving,None,NA,No,India,Mumbai,Remote,2026-10-28,2027-01-14,2026-10-04,1 Months,NA,NA,Certificate|Mentorship,Yes,Yes,No,High,https://sample-opportunities.example/opportunity/48,contact48@sampleorg.example,2026-09-04,Open
49,Mobile Development Opportunity 49,GovSampleOrg49,Government Internship,Mobile Development,Government Internship in Mobile Development for student development,8.0,NA,2|3,CSE|IT|AIML,UG|PG,18,NA,International,Any,CSS|GitHub,Machine Learning|Data Science,CSS|GitHub,Communication|Teamwork|Problem Solving,Basic Experience,NPTEL Preferred,Yes,Online,Hyderabad,On-site,2026-10-29,2027-01-16,2026-10-04,2 Months,10000 INR/month,50000 INR,Stipend|Certificate|Mentorship,Yes,No,Yes,Medium,https://sample-opportunities.example/opportunity/49,contact49@sampleorg.example,2026-09-04,Upcoming
50,Software Engineering Opportunity 50,GovSampleOrg50,Government Scholarship,Software Engineering,Government Scholarship in Software Engineering for student development,NA,NA,3|4,All Engineering,BTech|BE,18,NA,Any,Any,SQL|DSA,Deep Learning|Statistics,SQL|DSA,Communication|Teamwork|Problem Solving,Research Experience,Cloud Certification Preferred,No,International,NA,Hybrid,2026-10-30,2027-01-18,2026-10-05,3 Months,20000 INR/month,100000 INR,Funding|Networking,Yes,Yes,No,Low,https://sample-opportunities.example/opportunity/50,contact50@sampleorg.example,2026-09-04,Closed
51,Cybersecurity Opportunity 51,TechSampleOrg51,Government Fellowship,Cybersecurity,Government Fellowship in Cybersecurity for student development,6.0,NA,1|2|3|4,ECE|EEE|CSE,Any Degree,18,NA,India,Any,Git|Algorithms,Artificial Intelligence|Pandas,Git|Algorithms,Communication|Teamwork|Problem Solving,None,NA,Yes,India,Bengaluru,Online,2026-10-31,2027-01-20,2026-10-05,4 Months,30000 INR/month,250000 INR,Prize|Certificate,Yes,No,No,High,https://sample-opportunities.example/opportunity/51,contact51@sampleorg.example,2026-09-04,Open
52,Cloud Computing Opportunity 52,TechSampleOrg52,Government Program,Cloud Computing,Government Program in Cloud Computing for student development,7.0,NA,1,All,UG,18,NA,International,Any,GitHub|Machine Learning,Data Science|NumPy,GitHub|Machine Learning,Communication|Teamwork|Problem Solving,Basic Experience,NPTEL Preferred,No,Online,Delhi,Remote,2026-11-01,2027-01-22,2026-10-06,5 Months,NA,NA,Certificate|Mentorship,Yes,Yes,No,Medium,https://sample-opportunities.example/opportunity/52,contact52@sampleorg.example,2026-09-04,Upcoming
53,DevOps Opportunity 53,TechSampleOrg53,Government Research Program,DevOps,Government Research Program in DevOps for student development,7.5,NA,2|3,CSE|IT|AIML,UG|PG,18,NA,Any,Any,DSA|Deep Learning,Statistics|TensorFlow,DSA|Deep Learning,Communication|Teamwork|Problem Solving,Research Experience,Cloud Certification Preferred,Yes,International,Mumbai,On-site,2026-11-02,2027-01-24,2026-10-06,6 Months,10000 INR/month,50000 INR,Stipend|Certificate|Mentorship,Yes,No,No,Low,https://sample-opportunities.example/opportunity/53,contact53@sampleorg.example,2026-09-04,Closed
54,Blockchain Opportunity 54,TechSampleOrg54,Government Skill Development Program,Blockchain,Government Skill Development Program in Blockchain for student development,8.0,NA,3|4,All Engineering,BTech|BE,18,NA,India,Any,Algorithms|Artificial Intelligence,Pandas|PyTorch,Algorithms|Artificial Intelligence,Communication|Teamwork|Problem Solving,None,NA,No,India,Hyderabad,Hybrid,2026-11-03,2027-01-26,2026-10-07,7 Months,20000 INR/month,100000 INR,Funding|Networking,Yes,Yes,No,High,https://sample-opportunities.example/opportunity/54,contact54@sampleorg.example,2026-09-04,Open
55,Robotics Opportunity 55,TechSampleOrg55,Government Innovation Program,Robotics,Government Innovation Program in Robotics for student development,NA,NA,1|2|3|4,ECE|EEE|CSE,Any Degree,18,NA,International,Any,Machine Learning|Data Science,NumPy|NLP,Machine Learning|Data Science,Communication|Teamwork|Problem Solving,Basic Experience,NPTEL Preferred,Yes,Online,NA,Online,2026-11-04,2027-01-28,2026-10-07,8 Months,30000 INR/month,250000 INR,Prize|Certificate,Yes,No,No,Medium,https://sample-opportunities.example/opportunity/55,contact55@sampleorg.example,2026-09-04,Upcoming
56,Internet of Things Opportunity 56,TechSampleOrg56,Government Grant,Internet of Things,Government Grant in Internet of Things for student development,6.0,NA,1,All,UG,18,NA,Any,Any,Deep Learning|Statistics,TensorFlow|Computer Vision,Deep Learning|Statistics,Communication|Teamwork|Problem Solving,Research Experience,Cloud Certification Preferred,No,International,Bengaluru,Remote,2026-11-05,2027-01-30,2026-10-08,9 Months,NA,NA,Certificate|Mentorship,Yes,Yes,No,Low,https://sample-opportunities.example/opportunity/56,contact56@sampleorg.example,2026-09-04,Closed
57,Computer Vision Opportunity 57,TechSampleOrg57,Public Sector Internship,Computer Vision,Public Sector Internship in Computer Vision for student development,7.0,NA,2|3,CSE|IT|AIML,UG|PG,18,NA,India,Any,Artificial Intelligence|Pandas,PyTorch|Cybersecurity,Artificial Intelligence|Pandas,Communication|Teamwork|Problem Solving,None,NA,Yes,India,Delhi,On-site,2026-11-06,2027-02-01,2026-10-08,10 Months,10000 INR/month,50000 INR,Stipend|Certificate|Mentorship,Yes,No,Yes,High,https://sample-opportunities.example/opportunity/57,contact57@sampleorg.example,2026-09-04,Open
58,Natural Language Processing Opportunity 58,TechSampleOrg58,Private Internship,Natural Language Processing,Private Internship in Natural Language Processing for student development,7.5,NA,3|4,All Engineering,BTech|BE,18,NA,International,Any,Data Science|NumPy,NLP|Linux,Data Science|NumPy,Communication|Teamwork|Problem Solving,Basic Experience,NPTEL Preferred,No,Online,Mumbai,Hybrid,2026-11-07,2027-02-03,2026-10-09,11 Months,20000 INR/month,100000 INR,Funding|Networking,Yes,Yes,Yes,Medium,https://sample-opportunities.example/opportunity/58,contact58@sampleorg.example,2026-09-04,Upcoming
59,FinTech Opportunity 59,TechSampleOrg59,Technology Internship,FinTech,Technology Internship in FinTech for student development,8.0,NA,1|2|3|4,ECE|EEE|CSE,Any Degree,18,NA,Any,Any,Statistics|TensorFlow,Computer Vision|Networking,Statistics|TensorFlow,Communication|Teamwork|Problem Solving,Research Experience,Cloud Certification Preferred,Yes,International,Hyderabad,Online,2026-11-08,2027-02-05,2026-10-09,12 Months,30000 INR/month,250000 INR,Prize|Certificate,Yes,No,Yes,Low,https://sample-opportunities.example/opportunity/59,contact59@sampleorg.example,2026-09-04,Closed
60,Healthcare Technology Opportunity 60,TechSampleOrg60,Research Internship,Healthcare Technology,Research Internship in Healthcare Technology for student development,NA,NA,1,All,UG,18,NA,India,Any,Pandas|PyTorch,Cybersecurity|AWS,Pandas|PyTorch,Communication|Teamwork|Problem Solving,None,NA,No,India,NA,Remote,2026-11-09,2027-02-07,2026-10-10,1 Months,NA,NA,Certificate|Mentorship,Yes,Yes,Yes,High,https://sample-opportunities.example/opportunity/60,contact60@sampleorg.example,2026-09-04,Open
61,EdTech Opportunity 61,TechSampleOrg61,Scholarship,EdTech,Scholarship in EdTech for student development,6.0,NA,2|3,CSE|IT|AIML,UG|PG,18,NA,International,Any,NumPy|NLP,Linux|Azure,NumPy|NLP,Communication|Teamwork|Problem Solving,Basic Experience,NPTEL Preferred,Yes,Online,Bengaluru,On-site,2026-11-10,2027-02-09,2026-10-10,2 Months,10000 INR/month,50000 INR,Stipend|Certificate|Mentorship,Yes,No,No,Medium,https://sample-opportunities.example/opportunity/61,contact61@sampleorg.example,2026-09-04,Upcoming
62,UI/UX Opportunity 62,TechSampleOrg62,Fellowship,UI/UX,Fellowship in UI/UX for student development,7.0,NA,3|4,All Engineering,BTech|BE,18,NA,Any,Any,TensorFlow|Computer Vision,Networking|Docker,TensorFlow|Computer Vision,Communication|Teamwork|Problem Solving,Research Experience,Cloud Certification Preferred,No,International,Delhi,Hybrid,2026-11-11,2027-02-11,2026-10-11,3 Months,20000 INR/month,100000 INR,Funding|Networking,Yes,Yes,No,Low,https://sample-opportunities.example/opportunity/62,contact62@sampleorg.example,2026-09-04,Closed
63,Research Opportunity 63,TechSampleOrg63,Hackathon,Research,Hackathon in Research for student development,7.5,NA,1|2|3|4,ECE|EEE|CSE,Any Degree,18,NA,India,Any,PyTorch|Cybersecurity,AWS|Kubernetes,PyTorch|Cybersecurity,Communication|Teamwork|Problem Solving,None,NA,Yes,India,Mumbai,Online,2026-11-12,2027-02-13,2026-10-11,4 Months,30000 INR/month,250000 INR,Prize|Certificate,Yes,No,No,High,https://sample-opportunities.example/opportunity/63,contact63@sampleorg.example,2026-09-04,Open
64,Entrepreneurship Opportunity 64,TechSampleOrg64,Competition,Entrepreneurship,Competition in Entrepreneurship for student development,8.0,NA,1,All,UG,18,NA,International,Any,NLP|Linux,Azure|Flutter,NLP|Linux,Communication|Teamwork|Problem Solving,Basic Experience,NPTEL Preferred,No,Online,Hyderabad,Remote,2026-11-13,2027-02-15,2026-10-12,5 Months,NA,NA,Certificate|Mentorship,Yes,Yes,No,Medium,https://sample-opportunities.example/opportunity/64,contact64@sampleorg.example,2026-09-04,Upcoming
65,Sustainability Opportunity 65,TechSampleOrg65,Grant,Sustainability,Grant in Sustainability for student development,NA,NA,2|3,CSE|IT|AIML,UG|PG,18,NA,Any,Any,Computer Vision|Networking,Docker|Kotlin,Computer Vision|Networking,Communication|Teamwork|Problem Solving,Research Experience,Cloud Certification Preferred,Yes,International,NA,On-site,2026-11-14,2027-02-17,2026-10-12,6 Months,10000 INR/month,50000 INR,Stipend|Certificate|Mentorship,Yes,No,No,Low,https://sample-opportunities.example/opportunity/65,contact65@sampleorg.example,2026-09-04,Closed
66,Competitive Programming Opportunity 66,TechSampleOrg66,Exchange Program,Competitive Programming,Exchange Program in Competitive Programming for student development,6.0,NA,3|4,All Engineering,BTech|BE,18,NA,India,Any,Cybersecurity|AWS,Kubernetes|Android,Cybersecurity|AWS,Communication|Teamwork|Problem Solving,None,NA,No,India,Bengaluru,Hybrid,2026-11-15,2027-02-19,2026-10-13,7 Months,20000 INR/month,100000 INR,Funding|Networking,Yes,Yes,No,High,https://sample-opportunities.example/opportunity/66,contact66@sampleorg.example,2026-09-04,Open
67,Artificial Intelligence Opportunity 67,TechSampleOrg67,Certification,Artificial Intelligence,Certification in Artificial Intelligence for student development,7.0,NA,1|2|3|4,ECE|EEE|CSE,Any Degree,18,NA,International,Any,Linux|Azure,Flutter|React,Linux|Azure,Communication|Teamwork|Problem Solving,Basic Experience,NPTEL Preferred,Yes,Online,Delhi,Online,2026-11-16,2027-02-21,2026-10-13,8 Months,30000 INR/month,250000 INR,Prize|Certificate,Yes,No,No,Medium,https://sample-opportunities.example/opportunity/67,contact67@sampleorg.example,2026-09-04,Upcoming
68,Machine Learning Opportunity 68,TechSampleOrg68,Apprenticeship,Machine Learning,Apprenticeship in Machine Learning for student development,7.5,NA,1,All,UG,18,NA,Any,Any,Networking|Docker,Kotlin|Node.js,Networking|Docker,Communication|Teamwork|Problem Solving,Research Experience,Cloud Certification Preferred,No,International,Mumbai,Remote,2026-11-17,2027-02-23,2026-10-14,9 Months,NA,NA,Certificate|Mentorship,Yes,Yes,Yes,Low,https://sample-opportunities.example/opportunity/68,contact68@sampleorg.example,2026-09-04,Closed
69,Data Science Opportunity 69,TechSampleOrg69,Training Program,Data Science,Training Program in Data Science for student development,8.0,NA,2|3,CSE|IT|AIML,UG|PG,18,NA,India,Any,AWS|Kubernetes,Android|MongoDB,AWS|Kubernetes,Communication|Teamwork|Problem Solving,None,NA,Yes,India,Hyderabad,On-site,2026-11-18,2027-02-25,2026-10-14,10 Months,10000 INR/month,50000 INR,Stipend|Certificate|Mentorship,Yes,No,No,High,https://sample-opportunities.example/opportunity/69,contact69@sampleorg.example,2026-09-04,Open
70,Web Development Opportunity 70,TechSampleOrg70,Entrepreneurship Program,Web Development,Entrepreneurship Program in Web Development for student development,NA,NA,3|4,All Engineering,BTech|BE,18,NA,International,Any,Azure|Flutter,React|Figma,Azure|Flutter,Communication|Teamwork|Problem Solving,Basic Experience,NPTEL Preferred,No,Online,NA,Hybrid,2026-11-19,2027-02-27,2026-10-15,11 Months,20000 INR/month,100000 INR,Funding|Networking,Yes,Yes,No,Medium,https://sample-opportunities.example/opportunity/70,contact70@sampleorg.example,2026-09-04,Upcoming
71,Mobile Development Opportunity 71,TechSampleOrg71,Workshop,Mobile Development,Workshop in Mobile Development for student development,6.0,NA,1|2|3|4,ECE|EEE|CSE,Any Degree,18,NA,Any,Any,Docker|Kotlin,Node.js|IoT,Docker|Kotlin,Communication|Teamwork|Problem Solving,Research Experience,Cloud Certification Preferred,Yes,International,Bengaluru,Online,2026-11-20,2027-03-01,2026-10-15,12 Months,30000 INR/month,250000 INR,Prize|Certificate,Yes,No,No,Low,https://sample-opportunities.example/opportunity/71,contact71@sampleorg.example,2026-09-04,Closed
72,Software Engineering Opportunity 72,TechSampleOrg72,Open Source Program,Software Engineering,Open Source Program in Software Engineering for student development,7.0,NA,1,All,UG,18,NA,India,Any,Kubernetes|Android,MongoDB|Arduino,Kubernetes|Android,Communication|Teamwork|Problem Solving,None,NA,No,India,Delhi,Remote,2026-11-21,2027-03-03,2026-10-16,1 Months,NA,NA,Certificate|Mentorship,Yes,Yes,No,High,https://sample-opportunities.example/opportunity/72,contact72@sampleorg.example,2026-09-04,Open
73,Cybersecurity Opportunity 73,TechSampleOrg73,Government Internship,Cybersecurity,Government Internship in Cybersecurity for student development,7.5,NA,2|3,CSE|IT|AIML,UG|PG,18,NA,International,Any,Flutter|React,Figma|Blockchain,Flutter|React,Communication|Teamwork|Problem Solving,Basic Experience,NPTEL Preferred,Yes,Online,Mumbai,On-site,2026-11-22,2027-03-05,2026-10-16,2 Months,10000 INR/month,50000 INR,Stipend|Certificate|Mentorship,Yes,No,Yes,Medium,https://sample-opportunities.example/opportunity/73,contact73@sampleorg.example,2026-09-04,Upcoming
74,Cloud Computing Opportunity 74,TechSampleOrg74,Government Scholarship,Cloud Computing,Government Scholarship in Cloud Computing for student development,8.0,NA,3|4,All Engineering,BTech|BE,18,NA,Any,Any,Kotlin|Node.js,IoT|Solidity,Kotlin|Node.js,Communication|Teamwork|Problem Solving,Research Experience,Cloud Certification Preferred,No,International,Hyderabad,Hybrid,2026-11-23,2027-03-07,2026-10-17,3 Months,20000 INR/month,100000 INR,Funding|Networking,Yes,Yes,No,Low,https://sample-opportunities.example/opportunity/74,contact74@sampleorg.example,2026-09-04,Closed
75,DevOps Opportunity 75,TechSampleOrg75,Government Fellowship,DevOps,Government Fellowship in DevOps for student development,NA,NA,1|2|3|4,ECE|EEE|CSE,Any Degree,18,NA,India,Any,Android|MongoDB,Arduino|Research,Android|MongoDB,Communication|Teamwork|Problem Solving,None,NA,Yes,India,NA,Online,2026-11-24,2027-03-09,2026-10-17,4 Months,30000 INR/month,250000 INR,Prize|Certificate,Yes,No,No,High,https://sample-opportunities.example/opportunity/75,contact75@sampleorg.example,2026-09-04,Open
76,Blockchain Opportunity 76,TechSampleOrg76,Government Program,Blockchain,Government Program in Blockchain for student development,6.0,NA,1,All,UG,18,NA,International,Any,React|Figma,Blockchain|Data Analysis,React|Figma,Communication|Teamwork|Problem Solving,Basic Experience,NPTEL Preferred,No,Online,Bengaluru,Remote,2026-11-25,2027-03-11,2026-10-18,5 Months,NA,NA,Certificate|Mentorship,Yes,Yes,No,Medium,https://sample-opportunities.example/opportunity/76,contact76@sampleorg.example,2026-09-04,Upcoming
77,Robotics Opportunity 77,TechSampleOrg77,Government Research Program,Robotics,Government Research Program in Robotics for student development,7.0,NA,2|3,CSE|IT|AIML,UG|PG,18,NA,Any,Any,Node.js|IoT,Solidity|Python,Node.js|IoT,Communication|Teamwork|Problem Solving,Research Experience,Cloud Certification Preferred,Yes,International,Delhi,On-site,2026-11-26,2027-03-13,2026-10-18,6 Months,10000 INR/month,50000 INR,Stipend|Certificate|Mentorship,Yes,No,No,Low,https://sample-opportunities.example/opportunity/77,contact77@sampleorg.example,2026-09-04,Closed
78,Internet of Things Opportunity 78,TechSampleOrg78,Government Skill Development Program,Internet of Things,Government Skill Development Program in Internet of Things for student development,7.5,NA,3|4,All Engineering,BTech|BE,18,NA,India,Any,MongoDB|Arduino,Research|C,MongoDB|Arduino,Communication|Teamwork|Problem Solving,None,NA,No,India,Mumbai,Hybrid,2026-11-27,2027-03-15,2026-10-19,7 Months,20000 INR/month,100000 INR,Funding|Networking,Yes,Yes,No,High,https://sample-opportunities.example/opportunity/78,contact78@sampleorg.example,2026-09-04,Open
79,Computer Vision Opportunity 79,TechSampleOrg79,Government Innovation Program,Computer Vision,Government Innovation Program in Computer Vision for student development,8.0,NA,1|2|3|4,ECE|EEE|CSE,Any Degree,18,NA,International,Any,Figma|Blockchain,Data Analysis|C++,Figma|Blockchain,Communication|Teamwork|Problem Solving,Basic Experience,NPTEL Preferred,Yes,Online,Hyderabad,Online,2026-11-28,2027-03-17,2026-10-19,8 Months,30000 INR/month,250000 INR,Prize|Certificate,Yes,No,No,Medium,https://sample-opportunities.example/opportunity/79,contact79@sampleorg.example,2026-09-04,Upcoming
80,Natural Language Processing Opportunity 80,TechSampleOrg80,Government Grant,Natural Language Processing,Government Grant in Natural Language Processing for student development,NA,NA,1,All,UG,18,NA,Any,Any,IoT|Solidity,Python|Java,IoT|Solidity,Communication|Teamwork|Problem Solving,Research Experience,Cloud Certification Preferred,No,International,NA,Remote,2026-11-29,2027-03-19,2026-10-20,9 Months,NA,NA,Certificate|Mentorship,Yes,Yes,No,Low,https://sample-opportunities.example/opportunity/80,contact80@sampleorg.example,2026-09-04,Closed
81,FinTech Opportunity 81,TechSampleOrg81,Public Sector Internship,FinTech,Public Sector Internship in FinTech for student development,6.0,NA,2|3,CSE|IT|AIML,UG|PG,18,NA,India,Any,Arduino|Research,C|JavaScript,Arduino|Research,Communication|Teamwork|Problem Solving,None,NA,Yes,India,Bengaluru,On-site,2026-11-30,2027-03-21,2026-10-20,10 Months,10000 INR/month,50000 INR,Stipend|Certificate|Mentorship,Yes,No,Yes,High,https://sample-opportunities.example/opportunity/81,contact81@sampleorg.example,2026-09-04,Open
82,Healthcare Technology Opportunity 82,TechSampleOrg82,Private Internship,Healthcare Technology,Private Internship in Healthcare Technology for student development,7.0,NA,3|4,All Engineering,BTech|BE,18,NA,International,Any,Blockchain|Data Analysis,C++|HTML,Blockchain|Data Analysis,Communication|Teamwork|Problem Solving,Basic Experience,NPTEL Preferred,No,Online,Delhi,Hybrid,2026-12-01,2027-03-23,2026-10-21,11 Months,20000 INR/month,100000 INR,Funding|Networking,Yes,Yes,Yes,Medium,https://sample-opportunities.example/opportunity/82,contact82@sampleorg.example,2026-09-04,Upcoming
83,EdTech Opportunity 83,TechSampleOrg83,Technology Internship,EdTech,Technology Internship in EdTech for student development,7.5,NA,1|2|3|4,ECE|EEE|CSE,Any Degree,18,NA,Any,Any,Solidity|Python,Java|CSS,Solidity|Python,Communication|Teamwork|Problem Solving,Research Experience,Cloud Certification Preferred,Yes,International,Mumbai,Online,2026-12-02,2027-03-25,2026-10-21,12 Months,30000 INR/month,250000 INR,Prize|Certificate,Yes,No,Yes,Low,https://sample-opportunities.example/opportunity/83,contact83@sampleorg.example,2026-09-04,Closed
84,UI/UX Opportunity 84,TechSampleOrg84,Research Internship,UI/UX,Research Internship in UI/UX for student development,8.0,NA,1,All,UG,18,NA,India,Any,Research|C,JavaScript|SQL,Research|C,Communication|Teamwork|Problem Solving,None,NA,No,India,Hyderabad,Remote,2026-12-03,2027-03-27,2026-10-22,1 Months,NA,NA,Certificate|Mentorship,Yes,Yes,Yes,High,https://sample-opportunities.example/opportunity/84,contact84@sampleorg.example,2026-09-04,Open
85,Research Opportunity 85,TechSampleOrg85,Scholarship,Research,Scholarship in Research for student development,NA,NA,2|3,CSE|IT|AIML,UG|PG,18,NA,International,Any,Data Analysis|C++,HTML|Git,Data Analysis|C++,Communication|Teamwork|Problem Solving,Basic Experience,NPTEL Preferred,Yes,Online,NA,On-site,2026-12-04,2027-03-29,2026-10-22,2 Months,10000 INR/month,50000 INR,Stipend|Certificate|Mentorship,Yes,No,No,Medium,https://sample-opportunities.example/opportunity/85,contact85@sampleorg.example,2026-09-04,Upcoming
86,Entrepreneurship Opportunity 86,TechSampleOrg86,Fellowship,Entrepreneurship,Fellowship in Entrepreneurship for student development,6.0,NA,3|4,All Engineering,BTech|BE,18,NA,Any,Any,Python|Java,CSS|GitHub,Python|Java,Communication|Teamwork|Problem Solving,Research Experience,Cloud Certification Preferred,No,International,Bengaluru,Hybrid,2026-12-05,2027-03-31,2026-10-23,3 Months,20000 INR/month,100000 INR,Funding|Networking,Yes,Yes,No,Low,https://sample-opportunities.example/opportunity/86,contact86@sampleorg.example,2026-09-04,Closed
87,Sustainability Opportunity 87,TechSampleOrg87,Hackathon,Sustainability,Hackathon in Sustainability for student development,7.0,NA,1|2|3|4,ECE|EEE|CSE,Any Degree,18,NA,India,Any,C|JavaScript,SQL|DSA,C|JavaScript,Communication|Teamwork|Problem Solving,None,NA,Yes,India,Delhi,Online,2026-12-06,2027-04-02,2026-10-23,4 Months,30000 INR/month,250000 INR,Prize|Certificate,Yes,No,No,High,https://sample-opportunities.example/opportunity/87,contact87@sampleorg.example,2026-09-04,Open
88,Competitive Programming Opportunity 88,TechSampleOrg88,Competition,Competitive Programming,Competition in Competitive Programming for student development,7.5,NA,1,All,UG,18,NA,International,Any,C++|HTML,Git|Algorithms,C++|HTML,Communication|Teamwork|Problem Solving,Basic Experience,NPTEL Preferred,No,Online,Mumbai,Remote,2026-12-07,2027-04-04,2026-10-24,5 Months,NA,NA,Certificate|Mentorship,Yes,Yes,No,Medium,https://sample-opportunities.example/opportunity/88,contact88@sampleorg.example,2026-09-04,Upcoming
89,Artificial Intelligence Opportunity 89,TechSampleOrg89,Grant,Artificial Intelligence,Grant in Artificial Intelligence for student development,8.0,NA,2|3,CSE|IT|AIML,UG|PG,18,NA,Any,Any,Java|CSS,GitHub|Machine Learning,Java|CSS,Communication|Teamwork|Problem Solving,Research Experience,Cloud Certification Preferred,Yes,International,Hyderabad,On-site,2026-12-08,2027-04-06,2026-10-24,6 Months,10000 INR/month,50000 INR,Stipend|Certificate|Mentorship,Yes,No,No,Low,https://sample-opportunities.example/opportunity/89,contact89@sampleorg.example,2026-09-04,Closed
90,Machine Learning Opportunity 90,TechSampleOrg90,Exchange Program,Machine Learning,Exchange Program in Machine Learning for student development,NA,NA,3|4,All Engineering,BTech|BE,18,NA,India,Any,JavaScript|SQL,DSA|Deep Learning,JavaScript|SQL,Communication|Teamwork|Problem Solving,None,NA,No,India,NA,Hybrid,2026-12-09,2027-04-08,2026-10-25,7 Months,20000 INR/month,100000 INR,Funding|Networking,Yes,Yes,No,High,https://sample-opportunities.example/opportunity/90,contact90@sampleorg.example,2026-09-04,Open
91,Data Science Opportunity 91,TechSampleOrg91,Certification,Data Science,Certification in Data Science for student development,6.0,NA,1|2|3|4,ECE|EEE|CSE,Any Degree,18,NA,International,Any,HTML|Git,Algorithms|Artificial Intelligence,HTML|Git,Communication|Teamwork|Problem Solving,Basic Experience,NPTEL Preferred,Yes,Online,Bengaluru,Online,2026-12-10,2027-04-10,2026-10-25,8 Months,30000 INR/month,250000 INR,Prize|Certificate,Yes,No,No,Medium,https://sample-opportunities.example/opportunity/91,contact91@sampleorg.example,2026-09-04,Upcoming
92,Web Development Opportunity 92,TechSampleOrg92,Apprenticeship,Web Development,Apprenticeship in Web Development for student development,7.0,NA,1,All,UG,18,NA,Any,Any,CSS|GitHub,Machine Learning|Data Science,CSS|GitHub,Communication|Teamwork|Problem Solving,Research Experience,Cloud Certification Preferred,No,International,Delhi,Remote,2026-12-11,2027-04-12,2026-10-26,9 Months,NA,NA,Certificate|Mentorship,Yes,Yes,Yes,Low,https://sample-opportunities.example/opportunity/92,contact92@sampleorg.example,2026-09-04,Closed
93,Mobile Development Opportunity 93,TechSampleOrg93,Training Program,Mobile Development,Training Program in Mobile Development for student development,7.5,NA,2|3,CSE|IT|AIML,UG|PG,18,NA,India,Any,SQL|DSA,Deep Learning|Statistics,SQL|DSA,Communication|Teamwork|Problem Solving,None,NA,Yes,India,Mumbai,On-site,2026-12-12,2027-04-14,2026-10-26,10 Months,10000 INR/month,50000 INR,Stipend|Certificate|Mentorship,Yes,No,No,High,https://sample-opportunities.example/opportunity/93,contact93@sampleorg.example,2026-09-04,Open
94,Software Engineering Opportunity 94,TechSampleOrg94,Entrepreneurship Program,Software Engineering,Entrepreneurship Program in Software Engineering for student development,8.0,NA,3|4,All Engineering,BTech|BE,18,NA,International,Any,Git|Algorithms,Artificial Intelligence|Pandas,Git|Algorithms,Communication|Teamwork|Problem Solving,Basic Experience,NPTEL Preferred,No,Online,Hyderabad,Hybrid,2026-12-13,2027-04-16,2026-10-27,11 Months,20000 INR/month,100000 INR,Funding|Networking,Yes,Yes,No,Medium,https://sample-opportunities.example/opportunity/94,contact94@sampleorg.example,2026-09-04,Upcoming
95,Cybersecurity Opportunity 95,TechSampleOrg95,Workshop,Cybersecurity,Workshop in Cybersecurity for student development,NA,NA,1|2|3|4,ECE|EEE|CSE,Any Degree,18,NA,Any,Any,GitHub|Machine Learning,Data Science|NumPy,GitHub|Machine Learning,Communication|Teamwork|Problem Solving,Research Experience,Cloud Certification Preferred,Yes,International,NA,Online,2026-12-14,2027-04-18,2026-10-27,12 Months,30000 INR/month,250000 INR,Prize|Certificate,Yes,No,No,Low,https://sample-opportunities.example/opportunity/95,contact95@sampleorg.example,2026-09-04,Closed
96,Cloud Computing Opportunity 96,TechSampleOrg96,Open Source Program,Cloud Computing,Open Source Program in Cloud Computing for student development,6.0,NA,1,All,UG,18,NA,India,Any,DSA|Deep Learning,Statistics|TensorFlow,DSA|Deep Learning,Communication|Teamwork|Problem Solving,None,NA,No,India,Bengaluru,Remote,2026-12-15,2027-04-20,2026-10-28,1 Months,NA,NA,Certificate|Mentorship,Yes,Yes,No,High,https://sample-opportunities.example/opportunity/96,contact96@sampleorg.example,2026-09-04,Open
97,DevOps Opportunity 97,TechSampleOrg97,Government Internship,DevOps,Government Internship in DevOps for student development,7.0,NA,2|3,CSE|IT|AIML,UG|PG,18,NA,International,Any,Algorithms|Artificial Intelligence,Pandas|PyTorch,Algorithms|Artificial Intelligence,Communication|Teamwork|Problem Solving,Basic Experience,NPTEL Preferred,Yes,Online,Delhi,On-site,2026-12-16,2027-04-22,2026-10-28,2 Months,10000 INR/month,50000 INR,Stipend|Certificate|Mentorship,Yes,No,Yes,Medium,https://sample-opportunities.example/opportunity/97,contact97@sampleorg.example,2026-09-04,Upcoming
98,Blockchain Opportunity 98,TechSampleOrg98,Government Scholarship,Blockchain,Government Scholarship in Blockchain for student development,7.5,NA,3|4,All Engineering,BTech|BE,18,NA,Any,Any,Machine Learning|Data Science,NumPy|NLP,Machine Learning|Data Science,Communication|Teamwork|Problem Solving,Research Experience,Cloud Certification Preferred,No,International,Mumbai,Hybrid,2026-12-17,2027-04-24,2026-10-29,3 Months,20000 INR/month,100000 INR,Funding|Networking,Yes,Yes,No,Low,https://sample-opportunities.example/opportunity/98,contact98@sampleorg.example,2026-09-04,Closed
99,Robotics Opportunity 99,TechSampleOrg99,Government Fellowship,Robotics,Government Fellowship in Robotics for student development,8.0,NA,1|2|3|4,ECE|EEE|CSE,Any Degree,18,NA,India,Any,Deep Learning|Statistics,TensorFlow|Computer Vision,Deep Learning|Statistics,Communication|Teamwork|Problem Solving,None,NA,Yes,India,Hyderabad,Online,2026-12-18,2027-04-26,2026-10-29,4 Months,30000 INR/month,250000 INR,Prize|Certificate,Yes,No,No,High,https://sample-opportunities.example/opportunity/99,contact99@sampleorg.example,2026-09-04,Open
100,Internet of Things Opportunity 100,TechSampleOrg100,Government Program,Internet of Things,Government Program in Internet of Things for student development,NA,NA,1,All,UG,18,NA,International,Any,Artificial Intelligence|Pandas,PyTorch|Cybersecurity,Artificial Intelligence|Pandas,Communication|Teamwork|Problem Solving,Basic Experience,NPTEL Preferred,No,Online,NA,Remote,2026-12-19,2027-04-28,2026-10-30,5 Months,NA,NA,Certificate|Mentorship,Yes,Yes,No,Medium,https://sample-opportunities.example/opportunity/100,contact100@sampleorg.example,2026-09-04,Upcoming
101,Computer Vision Opportunity 101,CommunitySampleOrg101,Government Research Program,Computer Vision,Government Research Program in Computer Vision for student development,6.0,NA,2|3,CSE|IT|AIML,UG|PG,18,NA,Any,Any,Data Science|NumPy,NLP|Linux,Data Science|NumPy,Communication|Teamwork|Problem Solving,Research Experience,Cloud Certification Preferred,Yes,International,Bengaluru,On-site,2026-12-20,2027-04-30,2026-10-30,6 Months,10000 INR/month,50000 INR,Stipend|Certificate|Mentorship,Yes,No,No,Low,https://sample-opportunities.example/opportunity/101,contact101@sampleorg.example,2026-09-04,Closed
102,Natural Language Processing Opportunity 102,CommunitySampleOrg102,Government Skill Development Program,Natural Language Processing,Government Skill Development Program in Natural Language Processing for student development,7.0,NA,3|4,All Engineering,BTech|BE,18,NA,India,Any,Statistics|TensorFlow,Computer Vision|Networking,Statistics|TensorFlow,Communication|Teamwork|Problem Solving,None,NA,No,India,Delhi,Hybrid,2026-12-21,2027-05-02,2026-10-31,7 Months,20000 INR/month,100000 INR,Funding|Networking,Yes,Yes,No,High,https://sample-opportunities.example/opportunity/102,contact102@sampleorg.example,2026-09-04,Open
103,FinTech Opportunity 103,CommunitySampleOrg103,Government Innovation Program,FinTech,Government Innovation Program in FinTech for student development,7.5,NA,1|2|3|4,ECE|EEE|CSE,Any Degree,18,NA,International,Any,Pandas|PyTorch,Cybersecurity|AWS,Pandas|PyTorch,Communication|Teamwork|Problem Solving,Basic Experience,NPTEL Preferred,Yes,Online,Mumbai,Online,2026-12-22,2027-05-04,2026-10-31,8 Months,30000 INR/month,250000 INR,Prize|Certificate,Yes,No,No,Medium,https://sample-opportunities.example/opportunity/103,contact103@sampleorg.example,2026-09-04,Upcoming
104,Healthcare Technology Opportunity 104,CommunitySampleOrg104,Government Grant,Healthcare Technology,Government Grant in Healthcare Technology for student development,8.0,NA,1,All,UG,18,NA,Any,Any,NumPy|NLP,Linux|Azure,NumPy|NLP,Communication|Teamwork|Problem Solving,Research Experience,Cloud Certification Preferred,No,International,Hyderabad,Remote,2026-12-23,2027-05-06,2026-11-01,9 Months,NA,NA,Certificate|Mentorship,Yes,Yes,No,Low,https://sample-opportunities.example/opportunity/104,contact104@sampleorg.example,2026-09-04,Closed
105,EdTech Opportunity 105,CommunitySampleOrg105,Public Sector Internship,EdTech,Public Sector Internship in EdTech for student development,NA,NA,2|3,CSE|IT|AIML,UG|PG,18,NA,India,Any,TensorFlow|Computer Vision,Networking|Docker,TensorFlow|Computer Vision,Communication|Teamwork|Problem Solving,None,NA,Yes,India,NA,On-site,2026-12-24,2027-05-08,2026-11-01,10 Months,10000 INR/month,50000 INR,Stipend|Certificate|Mentorship,Yes,No,Yes,High,https://sample-opportunities.example/opportunity/105,contact105@sampleorg.example,2026-09-04,Open
106,UI/UX Opportunity 106,CommunitySampleOrg106,Private Internship,UI/UX,Private Internship in UI/UX for student development,6.0,NA,3|4,All Engineering,BTech|BE,18,NA,International,Any,PyTorch|Cybersecurity,AWS|Kubernetes,PyTorch|Cybersecurity,Communication|Teamwork|Problem Solving,Basic Experience,NPTEL Preferred,No,Online,Bengaluru,Hybrid,2026-12-25,2027-05-10,2026-11-02,11 Months,20000 INR/month,100000 INR,Funding|Networking,Yes,Yes,Yes,Medium,https://sample-opportunities.example/opportunity/106,contact106@sampleorg.example,2026-09-04,Upcoming
107,Research Opportunity 107,CommunitySampleOrg107,Technology Internship,Research,Technology Internship in Research for student development,7.0,NA,1|2|3|4,ECE|EEE|CSE,Any Degree,18,NA,Any,Any,NLP|Linux,Azure|Flutter,NLP|Linux,Communication|Teamwork|Problem Solving,Research Experience,Cloud Certification Preferred,Yes,International,Delhi,Online,2026-12-26,2027-05-12,2026-11-02,12 Months,30000 INR/month,250000 INR,Prize|Certificate,Yes,No,Yes,Low,https://sample-opportunities.example/opportunity/107,contact107@sampleorg.example,2026-09-04,Closed
108,Entrepreneurship Opportunity 108,CommunitySampleOrg108,Research Internship,Entrepreneurship,Research Internship in Entrepreneurship for student development,7.5,NA,1,All,UG,18,NA,India,Any,Computer Vision|Networking,Docker|Kotlin,Computer Vision|Networking,Communication|Teamwork|Problem Solving,None,NA,No,India,Mumbai,Remote,2026-12-27,2027-05-14,2026-11-03,1 Months,NA,NA,Certificate|Mentorship,Yes,Yes,Yes,High,https://sample-opportunities.example/opportunity/108,contact108@sampleorg.example,2026-09-04,Open
109,Sustainability Opportunity 109,CommunitySampleOrg109,Scholarship,Sustainability,Scholarship in Sustainability for student development,8.0,NA,2|3,CSE|IT|AIML,UG|PG,18,NA,International,Any,Cybersecurity|AWS,Kubernetes|Android,Cybersecurity|AWS,Communication|Teamwork|Problem Solving,Basic Experience,NPTEL Preferred,Yes,Online,Hyderabad,On-site,2026-12-28,2027-05-16,2026-11-03,2 Months,10000 INR/month,50000 INR,Stipend|Certificate|Mentorship,Yes,No,No,Medium,https://sample-opportunities.example/opportunity/109,contact109@sampleorg.example,2026-09-04,Upcoming
110,Competitive Programming Opportunity 110,CommunitySampleOrg110,Fellowship,Competitive Programming,Fellowship in Competitive Programming for student development,NA,NA,3|4,All Engineering,BTech|BE,18,NA,Any,Any,Linux|Azure,Flutter|React,Linux|Azure,Communication|Teamwork|Problem Solving,Research Experience,Cloud Certification Preferred,No,International,NA,Hybrid,2026-12-29,2027-05-18,2026-11-04,3 Months,20000 INR/month,100000 INR,Funding|Networking,Yes,Yes,No,Low,https://sample-opportunities.example/opportunity/110,contact110@sampleorg.example,2026-09-04,Closed
111,Artificial Intelligence Opportunity 111,CommunitySampleOrg111,Hackathon,Artificial Intelligence,Hackathon in Artificial Intelligence for student development,6.0,NA,1|2|3|4,ECE|EEE|CSE,Any Degree,18,NA,India,Any,Networking|Docker,Kotlin|Node.js,Networking|Docker,Communication|Teamwork|Problem Solving,None,NA,Yes,India,Bengaluru,Online,2026-12-30,2027-05-20,2026-11-04,4 Months,30000 INR/month,250000 INR,Prize|Certificate,Yes,No,No,High,https://sample-opportunities.example/opportunity/111,contact111@sampleorg.example,2026-09-04,Open
112,Machine Learning Opportunity 112,CommunitySampleOrg112,Competition,Machine Learning,Competition in Machine Learning for student development,7.0,NA,1,All,UG,18,NA,International,Any,AWS|Kubernetes,Android|MongoDB,AWS|Kubernetes,Communication|Teamwork|Problem Solving,Basic Experience,NPTEL Preferred,No,Online,Delhi,Remote,2026-12-31,2027-05-22,2026-11-05,5 Months,NA,NA,Certificate|Mentorship,Yes,Yes,No,Medium,https://sample-opportunities.example/opportunity/112,contact112@sampleorg.example,2026-09-04,Upcoming
113,Data Science Opportunity 113,CommunitySampleOrg113,Grant,Data Science,Grant in Data Science for student development,7.5,NA,2|3,CSE|IT|AIML,UG|PG,18,NA,Any,Any,Azure|Flutter,React|Figma,Azure|Flutter,Communication|Teamwork|Problem Solving,Research Experience,Cloud Certification Preferred,Yes,International,Mumbai,On-site,2027-01-01,2027-05-24,2026-11-05,6 Months,10000 INR/month,50000 INR,Stipend|Certificate|Mentorship,Yes,No,No,Low,https://sample-opportunities.example/opportunity/113,contact113@sampleorg.example,2026-09-04,Closed
114,Web Development Opportunity 114,CommunitySampleOrg114,Exchange Program,Web Development,Exchange Program in Web Development for student development,8.0,NA,3|4,All Engineering,BTech|BE,18,NA,India,Any,Docker|Kotlin,Node.js|IoT,Docker|Kotlin,Communication|Teamwork|Problem Solving,None,NA,No,India,Hyderabad,Hybrid,2027-01-02,2027-05-26,2026-11-06,7 Months,20000 INR/month,100000 INR,Funding|Networking,Yes,Yes,No,High,https://sample-opportunities.example/opportunity/114,contact114@sampleorg.example,2026-09-04,Open
115,Mobile Development Opportunity 115,CommunitySampleOrg115,Certification,Mobile Development,Certification in Mobile Development for student development,NA,NA,1|2|3|4,ECE|EEE|CSE,Any Degree,18,NA,International,Any,Kubernetes|Android,MongoDB|Arduino,Kubernetes|Android,Communication|Teamwork|Problem Solving,Basic Experience,NPTEL Preferred,Yes,Online,NA,Online,2027-01-03,2027-05-28,2026-11-06,8 Months,30000 INR/month,250000 INR,Prize|Certificate,Yes,No,No,Medium,https://sample-opportunities.example/opportunity/115,contact115@sampleorg.example,2026-09-04,Upcoming
116,Software Engineering Opportunity 116,CommunitySampleOrg116,Apprenticeship,Software Engineering,Apprenticeship in Software Engineering for student development,6.0,NA,1,All,UG,18,NA,Any,Any,Flutter|React,Figma|Blockchain,Flutter|React,Communication|Teamwork|Problem Solving,Research Experience,Cloud Certification Preferred,No,International,Bengaluru,Remote,2027-01-04,2027-05-30,2026-11-07,9 Months,NA,NA,Certificate|Mentorship,Yes,Yes,Yes,Low,https://sample-opportunities.example/opportunity/116,contact116@sampleorg.example,2026-09-04,Closed
117,Cybersecurity Opportunity 117,CommunitySampleOrg117,Training Program,Cybersecurity,Training Program in Cybersecurity for student development,7.0,NA,2|3,CSE|IT|AIML,UG|PG,18,NA,India,Any,Kotlin|Node.js,IoT|Solidity,Kotlin|Node.js,Communication|Teamwork|Problem Solving,None,NA,Yes,India,Delhi,On-site,2027-01-05,2027-06-01,2026-11-07,10 Months,10000 INR/month,50000 INR,Stipend|Certificate|Mentorship,Yes,No,No,High,https://sample-opportunities.example/opportunity/117,contact117@sampleorg.example,2026-09-04,Open
118,Cloud Computing Opportunity 118,CommunitySampleOrg118,Entrepreneurship Program,Cloud Computing,Entrepreneurship Program in Cloud Computing for student development,7.5,NA,3|4,All Engineering,BTech|BE,18,NA,International,Any,Android|MongoDB,Arduino|Research,Android|MongoDB,Communication|Teamwork|Problem Solving,Basic Experience,NPTEL Preferred,No,Online,Mumbai,Hybrid,2027-01-06,2027-06-03,2026-11-08,11 Months,20000 INR/month,100000 INR,Funding|Networking,Yes,Yes,No,Medium,https://sample-opportunities.example/opportunity/118,contact118@sampleorg.example,2026-09-04,Upcoming
119,DevOps Opportunity 119,CommunitySampleOrg119,Workshop,DevOps,Workshop in DevOps for student development,8.0,NA,1|2|3|4,ECE|EEE|CSE,Any Degree,18,NA,Any,Any,React|Figma,Blockchain|Data Analysis,React|Figma,Communication|Teamwork|Problem Solving,Research Experience,Cloud Certification Preferred,Yes,International,Hyderabad,Online,2027-01-07,2027-06-05,2026-11-08,12 Months,30000 INR/month,250000 INR,Prize|Certificate,Yes,No,No,Low,https://sample-opportunities.example/opportunity/119,contact119@sampleorg.example,2026-09-04,Closed
120,Blockchain Opportunity 120,CommunitySampleOrg120,Open Source Program,Blockchain,Open Source Program in Blockchain for student development,NA,NA,1,All,UG,18,NA,India,Any,Node.js|IoT,Solidity|Python,Node.js|IoT,Communication|Teamwork|Problem Solving,None,NA,No,India,NA,Remote,2027-01-08,2027-02-07,2026-11-09,1 Months,NA,NA,Certificate|Mentorship,Yes,Yes,No,High,https://sample-opportunities.example/opportunity/120,contact120@sampleorg.example,2026-09-04,Open
121,Robotics Opportunity 121,CommunitySampleOrg121,Government Internship,Robotics,Government Internship in Robotics for student development,6.0,NA,2|3,CSE|IT|AIML,UG|PG,18,NA,International,Any,MongoDB|Arduino,Research|C,MongoDB|Arduino,Communication|Teamwork|Problem Solving,Basic Experience,NPTEL Preferred,Yes,Online,Bengaluru,On-site,2027-01-09,2027-02-09,2026-11-09,2 Months,10000 INR/month,50000 INR,Stipend|Certificate|Mentorship,Yes,No,Yes,Medium,https://sample-opportunities.example/opportunity/121,contact121@sampleorg.example,2026-09-04,Upcoming
122,Internet of Things Opportunity 122,CommunitySampleOrg122,Government Scholarship,Internet of Things,Government Scholarship in Internet of Things for student development,7.0,NA,3|4,All Engineering,BTech|BE,18,NA,Any,Any,Figma|Blockchain,Data Analysis|C++,Figma|Blockchain,Communication|Teamwork|Problem Solving,Research Experience,Cloud Certification Preferred,No,International,Delhi,Hybrid,2027-01-10,2027-02-11,2026-11-10,3 Months,20000 INR/month,100000 INR,Funding|Networking,Yes,Yes,No,Low,https://sample-opportunities.example/opportunity/122,contact122@sampleorg.example,2026-09-04,Closed
123,Computer Vision Opportunity 123,CommunitySampleOrg123,Government Fellowship,Computer Vision,Government Fellowship in Computer Vision for student development,7.5,NA,1|2|3|4,ECE|EEE|CSE,Any Degree,18,NA,India,Any,IoT|Solidity,Python|Java,IoT|Solidity,Communication|Teamwork|Problem Solving,None,NA,Yes,India,Mumbai,Online,2027-01-11,2027-02-13,2026-11-10,4 Months,30000 INR/month,250000 INR,Prize|Certificate,Yes,No,No,High,https://sample-opportunities.example/opportunity/123,contact123@sampleorg.example,2026-09-04,Open
124,Natural Language Processing Opportunity 124,CommunitySampleOrg124,Government Program,Natural Language Processing,Government Program in Natural Language Processing for student development,8.0,NA,1,All,UG,18,NA,International,Any,Arduino|Research,C|JavaScript,Arduino|Research,Communication|Teamwork|Problem Solving,Basic Experience,NPTEL Preferred,No,Online,Hyderabad,Remote,2027-01-12,2027-02-15,2026-11-11,5 Months,NA,NA,Certificate|Mentorship,Yes,Yes,No,Medium,https://sample-opportunities.example/opportunity/124,contact124@sampleorg.example,2026-09-04,Upcoming
125,FinTech Opportunity 125,CommunitySampleOrg125,Government Research Program,FinTech,Government Research Program in FinTech for student development,NA,NA,2|3,CSE|IT|AIML,UG|PG,18,NA,Any,Any,Blockchain|Data Analysis,C++|HTML,Blockchain|Data Analysis,Communication|Teamwork|Problem Solving,Research Experience,Cloud Certification Preferred,Yes,International,NA,On-site,2027-01-13,2027-02-17,2026-11-11,6 Months,10000 INR/month,50000 INR,Stipend|Certificate|Mentorship,Yes,No,No,Low,https://sample-opportunities.example/opportunity/125,contact125@sampleorg.example,2026-09-04,Closed
126,Healthcare Technology Opportunity 126,CommunitySampleOrg126,Government Skill Development Program,Healthcare Technology,Government Skill Development Program in Healthcare Technology for student development,6.0,NA,3|4,All Engineering,BTech|BE,18,NA,India,Any,Solidity|Python,Java|CSS,Solidity|Python,Communication|Teamwork|Problem Solving,None,NA,No,India,Bengaluru,Hybrid,2027-01-14,2027-02-19,2026-11-12,7 Months,20000 INR/month,100000 INR,Funding|Networking,Yes,Yes,No,High,https://sample-opportunities.example/opportunity/126,contact126@sampleorg.example,2026-09-04,Open
127,EdTech Opportunity 127,CommunitySampleOrg127,Government Innovation Program,EdTech,Government Innovation Program in EdTech for student development,7.0,NA,1|2|3|4,ECE|EEE|CSE,Any Degree,18,NA,International,Any,Research|C,JavaScript|SQL,Research|C,Communication|Teamwork|Problem Solving,Basic Experience,NPTEL Preferred,Yes,Online,Delhi,Online,2027-01-15,2027-02-21,2026-11-12,8 Months,30000 INR/month,250000 INR,Prize|Certificate,Yes,No,No,Medium,https://sample-opportunities.example/opportunity/127,contact127@sampleorg.example,2026-09-04,Upcoming
128,UI/UX Opportunity 128,CommunitySampleOrg128,Government Grant,UI/UX,Government Grant in UI/UX for student development,7.5,NA,1,All,UG,18,NA,Any,Any,Data Analysis|C++,HTML|Git,Data Analysis|C++,Communication|Teamwork|Problem Solving,Research Experience,Cloud Certification Preferred,No,International,Mumbai,Remote,2027-01-16,2027-02-23,2026-11-13,9 Months,NA,NA,Certificate|Mentorship,Yes,Yes,No,Low,https://sample-opportunities.example/opportunity/128,contact128@sampleorg.example,2026-09-04,Closed
129,Research Opportunity 129,CommunitySampleOrg129,Public Sector Internship,Research,Public Sector Internship in Research for student development,8.0,NA,2|3,CSE|IT|AIML,UG|PG,18,NA,India,Any,Python|Java,CSS|GitHub,Python|Java,Communication|Teamwork|Problem Solving,None,NA,Yes,India,Hyderabad,On-site,2027-01-17,2027-02-25,2026-11-13,10 Months,10000 INR/month,50000 INR,Stipend|Certificate|Mentorship,Yes,No,Yes,High,https://sample-opportunities.example/opportunity/129,contact129@sampleorg.example,2026-09-04,Open
130,Entrepreneurship Opportunity 130,CommunitySampleOrg130,Private Internship,Entrepreneurship,Private Internship in Entrepreneurship for student development,NA,NA,3|4,All Engineering,BTech|BE,18,NA,International,Any,C|JavaScript,SQL|DSA,C|JavaScript,Communication|Teamwork|Problem Solving,Basic Experience,NPTEL Preferred,No,Online,NA,Hybrid,2027-01-18,2027-02-27,2026-11-14,11 Months,20000 INR/month,100000 INR,Funding|Networking,Yes,Yes,Yes,Medium,https://sample-opportunities.example/opportunity/130,contact130@sampleorg.example,2026-09-04,Upcoming
131,Sustainability Opportunity 131,CommunitySampleOrg131,Technology Internship,Sustainability,Technology Internship in Sustainability for student development,6.0,NA,1|2|3|4,ECE|EEE|CSE,Any Degree,18,NA,Any,Any,C++|HTML,Git|Algorithms,C++|HTML,Communication|Teamwork|Problem Solving,Research Experience,Cloud Certification Preferred,Yes,International,Bengaluru,Online,2027-01-19,2027-03-01,2026-11-14,12 Months,30000 INR/month,250000 INR,Prize|Certificate,Yes,No,Yes,Low,https://sample-opportunities.example/opportunity/131,contact131@sampleorg.example,2026-09-04,Closed
132,Competitive Programming Opportunity 132,CommunitySampleOrg132,Research Internship,Competitive Programming,Research Internship in Competitive Programming for student development,7.0,NA,1,All,UG,18,NA,India,Any,Java|CSS,GitHub|Machine Learning,Java|CSS,Communication|Teamwork|Problem Solving,None,NA,No,India,Delhi,Remote,2027-01-20,2027-03-03,2026-11-15,1 Months,NA,NA,Certificate|Mentorship,Yes,Yes,Yes,High,https://sample-opportunities.example/opportunity/132,contact132@sampleorg.example,2026-09-04,Open
133,Artificial Intelligence Opportunity 133,CommunitySampleOrg133,Scholarship,Artificial Intelligence,Scholarship in Artificial Intelligence for student development,7.5,NA,2|3,CSE|IT|AIML,UG|PG,18,NA,International,Any,JavaScript|SQL,DSA|Deep Learning,JavaScript|SQL,Communication|Teamwork|Problem Solving,Basic Experience,NPTEL Preferred,Yes,Online,Mumbai,On-site,2027-01-21,2027-03-05,2026-11-15,2 Months,10000 INR/month,50000 INR,Stipend|Certificate|Mentorship,Yes,No,No,Medium,https://sample-opportunities.example/opportunity/133,contact133@sampleorg.example,2026-09-04,Upcoming
134,Machine Learning Opportunity 134,CommunitySampleOrg134,Fellowship,Machine Learning,Fellowship in Machine Learning for student development,8.0,NA,3|4,All Engineering,BTech|BE,18,NA,Any,Any,HTML|Git,Algorithms|Artificial Intelligence,HTML|Git,Communication|Teamwork|Problem Solving,Research Experience,Cloud Certification Preferred,No,International,Hyderabad,Hybrid,2027-01-22,2027-03-07,2026-11-16,3 Months,20000 INR/month,100000 INR,Funding|Networking,Yes,Yes,No,Low,https://sample-opportunities.example/opportunity/134,contact134@sampleorg.example,2026-09-04,Closed
135,Data Science Opportunity 135,CommunitySampleOrg135,Hackathon,Data Science,Hackathon in Data Science for student development,NA,NA,1|2|3|4,ECE|EEE|CSE,Any Degree,18,NA,India,Any,CSS|GitHub,Machine Learning|Data Science,CSS|GitHub,Communication|Teamwork|Problem Solving,None,NA,Yes,India,NA,Online,2027-01-23,2027-03-09,2026-11-16,4 Months,30000 INR/month,250000 INR,Prize|Certificate,Yes,No,No,High,https://sample-opportunities.example/opportunity/135,contact135@sampleorg.example,2026-09-04,Open
136,Web Development Opportunity 136,CommunitySampleOrg136,Competition,Web Development,Competition in Web Development for student development,6.0,NA,1,All,UG,18,NA,International,Any,SQL|DSA,Deep Learning|Statistics,SQL|DSA,Communication|Teamwork|Problem Solving,Basic Experience,NPTEL Preferred,No,Online,Bengaluru,Remote,2027-01-24,2027-03-11,2026-11-17,5 Months,NA,NA,Certificate|Mentorship,Yes,Yes,No,Medium,https://sample-opportunities.example/opportunity/136,contact136@sampleorg.example,2026-09-04,Upcoming
137,Mobile Development Opportunity 137,CommunitySampleOrg137,Grant,Mobile Development,Grant in Mobile Development for student development,7.0,NA,2|3,CSE|IT|AIML,UG|PG,18,NA,Any,Any,Git|Algorithms,Artificial Intelligence|Pandas,Git|Algorithms,Communication|Teamwork|Problem Solving,Research Experience,Cloud Certification Preferred,Yes,International,Delhi,On-site,2027-01-25,2027-03-13,2026-11-17,6 Months,10000 INR/month,50000 INR,Stipend|Certificate|Mentorship,Yes,No,No,Low,https://sample-opportunities.example/opportunity/137,contact137@sampleorg.example,2026-09-04,Closed
138,Software Engineering Opportunity 138,CommunitySampleOrg138,Exchange Program,Software Engineering,Exchange Program in Software Engineering for student development,7.5,NA,3|4,All Engineering,BTech|BE,18,NA,India,Any,GitHub|Machine Learning,Data Science|NumPy,GitHub|Machine Learning,Communication|Teamwork|Problem Solving,None,NA,No,India,Mumbai,Hybrid,2027-01-26,2027-03-15,2026-11-18,7 Months,20000 INR/month,100000 INR,Funding|Networking,Yes,Yes,No,High,https://sample-opportunities.example/opportunity/138,contact138@sampleorg.example,2026-09-04,Open
139,Cybersecurity Opportunity 139,CommunitySampleOrg139,Certification,Cybersecurity,Certification in Cybersecurity for student development,8.0,NA,1|2|3|4,ECE|EEE|CSE,Any Degree,18,NA,International,Any,DSA|Deep Learning,Statistics|TensorFlow,DSA|Deep Learning,Communication|Teamwork|Problem Solving,Basic Experience,NPTEL Preferred,Yes,Online,Hyderabad,Online,2027-01-27,2027-03-17,2026-11-18,8 Months,30000 INR/month,250000 INR,Prize|Certificate,Yes,No,No,Medium,https://sample-opportunities.example/opportunity/139,contact139@sampleorg.example,2026-09-04,Upcoming
140,Cloud Computing Opportunity 140,CommunitySampleOrg140,Apprenticeship,Cloud Computing,Apprenticeship in Cloud Computing for student development,NA,NA,1,All,UG,18,NA,Any,Any,Algorithms|Artificial Intelligence,Pandas|PyTorch,Algorithms|Artificial Intelligence,Communication|Teamwork|Problem Solving,Research Experience,Cloud Certification Preferred,No,International,NA,Remote,2027-01-28,2027-03-19,2026-11-19,9 Months,NA,NA,Certificate|Mentorship,Yes,Yes,Yes,Low,https://sample-opportunities.example/opportunity/140,contact140@sampleorg.example,2026-09-04,Closed
141,DevOps Opportunity 141,CommunitySampleOrg141,Training Program,DevOps,Training Program in DevOps for student development,6.0,NA,2|3,CSE|IT|AIML,UG|PG,18,NA,India,Any,Machine Learning|Data Science,NumPy|NLP,Machine Learning|Data Science,Communication|Teamwork|Problem Solving,None,NA,Yes,India,Bengaluru,On-site,2027-01-29,2027-03-21,2026-11-19,10 Months,10000 INR/month,50000 INR,Stipend|Certificate|Mentorship,Yes,No,No,High,https://sample-opportunities.example/opportunity/141,contact141@sampleorg.example,2026-09-04,Open
142,Blockchain Opportunity 142,CommunitySampleOrg142,Entrepreneurship Program,Blockchain,Entrepreneurship Program in Blockchain for student development,7.0,NA,3|4,All Engineering,BTech|BE,18,NA,International,Any,Deep Learning|Statistics,TensorFlow|Computer Vision,Deep Learning|Statistics,Communication|Teamwork|Problem Solving,Basic Experience,NPTEL Preferred,No,Online,Delhi,Hybrid,2027-01-30,2027-03-23,2026-11-20,11 Months,20000 INR/month,100000 INR,Funding|Networking,Yes,Yes,No,Medium,https://sample-opportunities.example/opportunity/142,contact142@sampleorg.example,2026-09-04,Upcoming
143,Robotics Opportunity 143,CommunitySampleOrg143,Workshop,Robotics,Workshop in Robotics for student development,7.5,NA,1|2|3|4,ECE|EEE|CSE,Any Degree,18,NA,Any,Any,Artificial Intelligence|Pandas,PyTorch|Cybersecurity,Artificial Intelligence|Pandas,Communication|Teamwork|Problem Solving,Research Experience,Cloud Certification Preferred,Yes,International,Mumbai,Online,2027-01-31,2027-03-25,2026-11-20,12 Months,30000 INR/month,250000 INR,Prize|Certificate,Yes,No,No,Low,https://sample-opportunities.example/opportunity/143,contact143@sampleorg.example,2026-09-04,Closed
144,Internet of Things Opportunity 144,CommunitySampleOrg144,Open Source Program,Internet of Things,Open Source Program in Internet of Things for student development,8.0,NA,1,All,UG,18,NA,India,Any,Data Science|NumPy,NLP|Linux,Data Science|NumPy,Communication|Teamwork|Problem Solving,None,NA,No,India,Hyderabad,Remote,2027-02-01,2027-03-27,2026-11-21,1 Months,NA,NA,Certificate|Mentorship,Yes,Yes,No,High,https://sample-opportunities.example/opportunity/144,contact144@sampleorg.example,2026-09-04,Open
145,Computer Vision Opportunity 145,CommunitySampleOrg145,Government Internship,Computer Vision,Government Internship in Computer Vision for student development,NA,NA,2|3,CSE|IT|AIML,UG|PG,18,NA,International,Any,Statistics|TensorFlow,Computer Vision|Networking,Statistics|TensorFlow,Communication|Teamwork|Problem Solving,Basic Experience,NPTEL Preferred,Yes,Online,NA,On-site,2027-02-02,2027-03-29,2026-11-21,2 Months,10000 INR/month,50000 INR,Stipend|Certificate|Mentorship,Yes,No,Yes,Medium,https://sample-opportunities.example/opportunity/145,contact145@sampleorg.example,2026-09-04,Upcoming
146,Natural Language Processing Opportunity 146,CommunitySampleOrg146,Government Scholarship,Natural Language Processing,Government Scholarship in Natural Language Processing for student development,6.0,NA,3|4,All Engineering,BTech|BE,18,NA,Any,Any,Pandas|PyTorch,Cybersecurity|AWS,Pandas|PyTorch,Communication|Teamwork|Problem Solving,Research Experience,Cloud Certification Preferred,No,International,Bengaluru,Hybrid,2027-02-03,2027-03-31,2026-11-22,3 Months,20000 INR/month,100000 INR,Funding|Networking,Yes,Yes,No,Low,https://sample-opportunities.example/opportunity/146,contact146@sampleorg.example,2026-09-04,Closed
147,FinTech Opportunity 147,CommunitySampleOrg147,Government Fellowship,FinTech,Government Fellowship in FinTech for student development,7.0,NA,1|2|3|4,ECE|EEE|CSE,Any Degree,18,NA,India,Any,NumPy|NLP,Linux|Azure,NumPy|NLP,Communication|Teamwork|Problem Solving,None,NA,Yes,India,Delhi,Online,2027-02-04,2027-04-02,2026-11-22,4 Months,30000 INR/month,250000 INR,Prize|Certificate,Yes,No,No,High,https://sample-opportunities.example/opportunity/147,contact147@sampleorg.example,2026-09-04,Open
148,Healthcare Technology Opportunity 148,CommunitySampleOrg148,Government Program,Healthcare Technology,Government Program in Healthcare Technology for student development,7.5,NA,1,All,UG,18,NA,International,Any,TensorFlow|Computer Vision,Networking|Docker,TensorFlow|Computer Vision,Communication|Teamwork|Problem Solving,Basic Experience,NPTEL Preferred,No,Online,Mumbai,Remote,2027-02-05,2027-04-04,2026-11-23,5 Months,NA,NA,Certificate|Mentorship,Yes,Yes,No,Medium,https://sample-opportunities.example/opportunity/148,contact148@sampleorg.example,2026-09-04,Upcoming
149,EdTech Opportunity 149,CommunitySampleOrg149,Government Research Program,EdTech,Government Research Program in EdTech for student development,8.0,NA,2|3,CSE|IT|AIML,UG|PG,18,NA,Any,Any,PyTorch|Cybersecurity,AWS|Kubernetes,PyTorch|Cybersecurity,Communication|Teamwork|Problem Solving,Research Experience,Cloud Certification Preferred,Yes,International,Hyderabad,On-site,2027-02-06,2027-04-06,2026-11-23,6 Months,10000 INR/month,50000 INR,Stipend|Certificate|Mentorship,Yes,No,No,Low,https://sample-opportunities.example/opportunity/149,contact149@sampleorg.example,2026-09-04,Closed
150,UI/UX Opportunity 150,CommunitySampleOrg150,Government Skill Development Program,UI/UX,Government Skill Development Program in UI/UX for student development,NA,NA,3|4,All Engineering,BTech|BE,18,NA,India,Any,NLP|Linux,Azure|Flutter,NLP|Linux,Communication|Teamwork|Problem Solving,None,NA,No,India,NA,Hybrid,2027-02-07,2027-04-08,2026-11-24,7 Months,20000 INR/month,100000 INR,Funding|Networking,Yes,Yes,No,High,https://sample-opportunities.example/opportunity/150,contact150@sampleorg.example,2026-09-04,Open
151,Research Opportunity 151,CommunitySampleOrg151,Government Innovation Program,Research,Government Innovation Program in Research for student development,6.0,NA,1|2|3|4,ECE|EEE|CSE,Any Degree,18,NA,International,Any,Computer Vision|Networking,Docker|Kotlin,Computer Vision|Networking,Communication|Teamwork|Problem Solving,Basic Experience,NPTEL Preferred,Yes,Online,Bengaluru,Online,2027-02-08,2027-04-10,2026-11-24,8 Months,30000 INR/month,250000 INR,Prize|Certificate,Yes,No,No,Medium,https://sample-opportunities.example/opportunity/151,contact151@sampleorg.example,2026-09-04,Upcoming
152,Entrepreneurship Opportunity 152,CommunitySampleOrg152,Government Grant,Entrepreneurship,Government Grant in Entrepreneurship for student development,7.0,NA,1,All,UG,18,NA,Any,Any,Cybersecurity|AWS,Kubernetes|Android,Cybersecurity|AWS,Communication|Teamwork|Problem Solving,Research Experience,Cloud Certification Preferred,No,International,Delhi,Remote,2027-02-09,2027-04-12,2026-11-25,9 Months,NA,NA,Certificate|Mentorship,Yes,Yes,No,Low,https://sample-opportunities.example/opportunity/152,contact152@sampleorg.example,2026-09-04,Closed
153,Sustainability Opportunity 153,CommunitySampleOrg153,Public Sector Internship,Sustainability,Public Sector Internship in Sustainability for student development,7.5,NA,2|3,CSE|IT|AIML,UG|PG,18,NA,India,Any,Linux|Azure,Flutter|React,Linux|Azure,Communication|Teamwork|Problem Solving,None,NA,Yes,India,Mumbai,On-site,2027-02-10,2027-04-14,2026-11-25,10 Months,10000 INR/month,50000 INR,Stipend|Certificate|Mentorship,Yes,No,Yes,High,https://sample-opportunities.example/opportunity/153,contact153@sampleorg.example,2026-09-04,Open
154,Competitive Programming Opportunity 154,CommunitySampleOrg154,Private Internship,Competitive Programming,Private Internship in Competitive Programming for student development,8.0,NA,3|4,All Engineering,BTech|BE,18,NA,International,Any,Networking|Docker,Kotlin|Node.js,Networking|Docker,Communication|Teamwork|Problem Solving,Basic Experience,NPTEL Preferred,No,Online,Hyderabad,Hybrid,2027-02-11,2027-04-16,2026-11-26,11 Months,20000 INR/month,100000 INR,Funding|Networking,Yes,Yes,Yes,Medium,https://sample-opportunities.example/opportunity/154,contact154@sampleorg.example,2026-09-04,Upcoming
155,Artificial Intelligence Opportunity 155,CommunitySampleOrg155,Technology Internship,Artificial Intelligence,Technology Internship in Artificial Intelligence for student development,NA,NA,1|2|3|4,ECE|EEE|CSE,Any Degree,18,NA,Any,Any,AWS|Kubernetes,Android|MongoDB,AWS|Kubernetes,Communication|Teamwork|Problem Solving,Research Experience,Cloud Certification Preferred,Yes,International,NA,Online,2027-02-12,2027-04-18,2026-11-26,12 Months,30000 INR/month,250000 INR,Prize|Certificate,Yes,No,Yes,Low,https://sample-opportunities.example/opportunity/155,contact155@sampleorg.example,2026-09-04,Closed
156,Machine Learning Opportunity 156,CommunitySampleOrg156,Research Internship,Machine Learning,Research Internship in Machine Learning for student development,6.0,NA,1,All,UG,18,NA,India,Any,Azure|Flutter,React|Figma,Azure|Flutter,Communication|Teamwork|Problem Solving,None,NA,No,India,Bengaluru,Remote,2027-02-13,2027-04-20,2026-11-27,1 Months,NA,NA,Certificate|Mentorship,Yes,Yes,Yes,High,https://sample-opportunities.example/opportunity/156,contact156@sampleorg.example,2026-09-04,Open
157,Data Science Opportunity 157,CommunitySampleOrg157,Scholarship,Data Science,Scholarship in Data Science for student development,7.0,NA,2|3,CSE|IT|AIML,UG|PG,18,NA,International,Any,Docker|Kotlin,Node.js|IoT,Docker|Kotlin,Communication|Teamwork|Problem Solving,Basic Experience,NPTEL Preferred,Yes,Online,Delhi,On-site,2027-02-14,2027-04-22,2026-11-27,2 Months,10000 INR/month,50000 INR,Stipend|Certificate|Mentorship,Yes,No,No,Medium,https://sample-opportunities.example/opportunity/157,contact157@sampleorg.example,2026-09-04,Upcoming
158,Web Development Opportunity 158,CommunitySampleOrg158,Fellowship,Web Development,Fellowship in Web Development for student development,7.5,NA,3|4,All Engineering,BTech|BE,18,NA,Any,Any,Kubernetes|Android,MongoDB|Arduino,Kubernetes|Android,Communication|Teamwork|Problem Solving,Research Experience,Cloud Certification Preferred,No,International,Mumbai,Hybrid,2027-02-15,2027-04-24,2026-11-28,3 Months,20000 INR/month,100000 INR,Funding|Networking,Yes,Yes,No,Low,https://sample-opportunities.example/opportunity/158,contact158@sampleorg.example,2026-09-04,Closed
159,Mobile Development Opportunity 159,CommunitySampleOrg159,Hackathon,Mobile Development,Hackathon in Mobile Development for student development,8.0,NA,1|2|3|4,ECE|EEE|CSE,Any Degree,18,NA,India,Any,Flutter|React,Figma|Blockchain,Flutter|React,Communication|Teamwork|Problem Solving,None,NA,Yes,India,Hyderabad,Online,2027-02-16,2027-04-26,2026-11-28,4 Months,30000 INR/month,250000 INR,Prize|Certificate,Yes,No,No,High,https://sample-opportunities.example/opportunity/159,contact159@sampleorg.example,2026-09-04,Open
160,Software Engineering Opportunity 160,CommunitySampleOrg160,Competition,Software Engineering,Competition in Software Engineering for student development,NA,NA,1,All,UG,18,NA,International,Any,Kotlin|Node.js,IoT|Solidity,Kotlin|Node.js,Communication|Teamwork|Problem Solving,Basic Experience,NPTEL Preferred,No,Online,NA,Remote,2027-02-17,2027-04-28,2026-11-29,5 Months,NA,NA,Certificate|Mentorship,Yes,Yes,No,Medium,https://sample-opportunities.example/opportunity/160,contact160@sampleorg.example,2026-09-04,Upcoming
161,Cybersecurity Opportunity 161,CommunitySampleOrg161,Grant,Cybersecurity,Grant in Cybersecurity for student development,6.0,NA,2|3,CSE|IT|AIML,UG|PG,18,NA,Any,Any,Android|MongoDB,Arduino|Research,Android|MongoDB,Communication|Teamwork|Problem Solving,Research Experience,Cloud Certification Preferred,Yes,International,Bengaluru,On-site,2027-02-18,2027-04-30,2026-11-29,6 Months,10000 INR/month,50000 INR,Stipend|Certificate|Mentorship,Yes,No,No,Low,https://sample-opportunities.example/opportunity/161,contact161@sampleorg.example,2026-09-04,Closed
162,Cloud Computing Opportunity 162,CommunitySampleOrg162,Exchange Program,Cloud Computing,Exchange Program in Cloud Computing for student development,7.0,NA,3|4,All Engineering,BTech|BE,18,NA,India,Any,React|Figma,Blockchain|Data Analysis,React|Figma,Communication|Teamwork|Problem Solving,None,NA,No,India,Delhi,Hybrid,2027-02-19,2027-05-02,2026-11-30,7 Months,20000 INR/month,100000 INR,Funding|Networking,Yes,Yes,No,High,https://sample-opportunities.example/opportunity/162,contact162@sampleorg.example,2026-09-04,Open
163,DevOps Opportunity 163,CommunitySampleOrg163,Certification,DevOps,Certification in DevOps for student development,7.5,NA,1|2|3|4,ECE|EEE|CSE,Any Degree,18,NA,International,Any,Node.js|IoT,Solidity|Python,Node.js|IoT,Communication|Teamwork|Problem Solving,Basic Experience,NPTEL Preferred,Yes,Online,Mumbai,Online,2027-02-20,2027-05-04,2026-11-30,8 Months,30000 INR/month,250000 INR,Prize|Certificate,Yes,No,No,Medium,https://sample-opportunities.example/opportunity/163,contact163@sampleorg.example,2026-09-04,Upcoming
164,Blockchain Opportunity 164,CommunitySampleOrg164,Apprenticeship,Blockchain,Apprenticeship in Blockchain for student development,8.0,NA,1,All,UG,18,NA,Any,Any,MongoDB|Arduino,Research|C,MongoDB|Arduino,Communication|Teamwork|Problem Solving,Research Experience,Cloud Certification Preferred,No,International,Hyderabad,Remote,2027-02-21,2027-05-06,2026-12-01,9 Months,NA,NA,Certificate|Mentorship,Yes,Yes,Yes,Low,https://sample-opportunities.example/opportunity/164,contact164@sampleorg.example,2026-09-04,Closed
165,Robotics Opportunity 165,CommunitySampleOrg165,Training Program,Robotics,Training Program in Robotics for student development,NA,NA,2|3,CSE|IT|AIML,UG|PG,18,NA,India,Any,Figma|Blockchain,Data Analysis|C++,Figma|Blockchain,Communication|Teamwork|Problem Solving,None,NA,Yes,India,NA,On-site,2027-02-22,2027-05-08,2026-12-01,10 Months,10000 INR/month,50000 INR,Stipend|Certificate|Mentorship,Yes,No,No,High,https://sample-opportunities.example/opportunity/165,contact165@sampleorg.example,2026-09-04,Open
166,Internet of Things Opportunity 166,CommunitySampleOrg166,Entrepreneurship Program,Internet of Things,Entrepreneurship Program in Internet of Things for student development,6.0,NA,3|4,All Engineering,BTech|BE,18,NA,International,Any,IoT|Solidity,Python|Java,IoT|Solidity,Communication|Teamwork|Problem Solving,Basic Experience,NPTEL Preferred,No,Online,Bengaluru,Hybrid,2027-02-23,2027-05-10,2026-12-02,11 Months,20000 INR/month,100000 INR,Funding|Networking,Yes,Yes,No,Medium,https://sample-opportunities.example/opportunity/166,contact166@sampleorg.example,2026-09-04,Upcoming
167,Computer Vision Opportunity 167,CommunitySampleOrg167,Workshop,Computer Vision,Workshop in Computer Vision for student development,7.0,NA,1|2|3|4,ECE|EEE|CSE,Any Degree,18,NA,Any,Any,Arduino|Research,C|JavaScript,Arduino|Research,Communication|Teamwork|Problem Solving,Research Experience,Cloud Certification Preferred,Yes,International,Delhi,Online,2027-02-24,2027-05-12,2026-12-02,12 Months,30000 INR/month,250000 INR,Prize|Certificate,Yes,No,No,Low,https://sample-opportunities.example/opportunity/167,contact167@sampleorg.example,2026-09-04,Closed
168,Natural Language Processing Opportunity 168,CommunitySampleOrg168,Open Source Program,Natural Language Processing,Open Source Program in Natural Language Processing for student development,7.5,NA,1,All,UG,18,NA,India,Any,Blockchain|Data Analysis,C++|HTML,Blockchain|Data Analysis,Communication|Teamwork|Problem Solving,None,NA,No,India,Mumbai,Remote,2027-02-25,2027-05-14,2026-12-03,1 Months,NA,NA,Certificate|Mentorship,Yes,Yes,No,High,https://sample-opportunities.example/opportunity/168,contact168@sampleorg.example,2026-09-04,Open
169,FinTech Opportunity 169,CommunitySampleOrg169,Government Internship,FinTech,Government Internship in FinTech for student development,8.0,NA,2|3,CSE|IT|AIML,UG|PG,18,NA,International,Any,Solidity|Python,Java|CSS,Solidity|Python,Communication|Teamwork|Problem Solving,Basic Experience,NPTEL Preferred,Yes,Online,Hyderabad,On-site,2027-02-26,2027-05-16,2026-12-03,2 Months,10000 INR/month,50000 INR,Stipend|Certificate|Mentorship,Yes,No,Yes,Medium,https://sample-opportunities.example/opportunity/169,contact169@sampleorg.example,2026-09-04,Upcoming
170,Healthcare Technology Opportunity 170,CommunitySampleOrg170,Government Scholarship,Healthcare Technology,Government Scholarship in Healthcare Technology for student development,NA,NA,3|4,All Engineering,BTech|BE,18,NA,Any,Any,Research|C,JavaScript|SQL,Research|C,Communication|Teamwork|Problem Solving,Research Experience,Cloud Certification Preferred,No,International,NA,Hybrid,2027-02-27,2027-05-18,2026-12-04,3 Months,20000 INR/month,100000 INR,Funding|Networking,Yes,Yes,No,Low,https://sample-opportunities.example/opportunity/170,contact170@sampleorg.example,2026-09-04,Closed
171,EdTech Opportunity 171,CommunitySampleOrg171,Government Fellowship,EdTech,Government Fellowship in EdTech for student development,6.0,NA,1|2|3|4,ECE|EEE|CSE,Any Degree,18,NA,India,Any,Data Analysis|C++,HTML|Git,Data Analysis|C++,Communication|Teamwork|Problem Solving,None,NA,Yes,India,Bengaluru,Online,2027-02-28,2027-05-20,2026-12-04,4 Months,30000 INR/month,250000 INR,Prize|Certificate,Yes,No,No,High,https://sample-opportunities.example/opportunity/171,contact171@sampleorg.example,2026-09-04,Open
172,UI/UX Opportunity 172,CommunitySampleOrg172,Government Program,UI/UX,Government Program in UI/UX for student development,7.0,NA,1,All,UG,18,NA,International,Any,Python|Java,CSS|GitHub,Python|Java,Communication|Teamwork|Problem Solving,Basic Experience,NPTEL Preferred,No,Online,Delhi,Remote,2027-03-01,2027-05-22,2026-12-05,5 Months,NA,NA,Certificate|Mentorship,Yes,Yes,No,Medium,https://sample-opportunities.example/opportunity/172,contact172@sampleorg.example,2026-09-04,Upcoming
173,Research Opportunity 173,CommunitySampleOrg173,Government Research Program,Research,Government Research Program in Research for student development,7.5,NA,2|3,CSE|IT|AIML,UG|PG,18,NA,Any,Any,C|JavaScript,SQL|DSA,C|JavaScript,Communication|Teamwork|Problem Solving,Research Experience,Cloud Certification Preferred,Yes,International,Mumbai,On-site,2027-03-02,2027-05-24,2026-12-05,6 Months,10000 INR/month,50000 INR,Stipend|Certificate|Mentorship,Yes,No,No,Low,https://sample-opportunities.example/opportunity/173,contact173@sampleorg.example,2026-09-04,Closed
174,Entrepreneurship Opportunity 174,CommunitySampleOrg174,Government Skill Development Program,Entrepreneurship,Government Skill Development Program in Entrepreneurship for student development,8.0,NA,3|4,All Engineering,BTech|BE,18,NA,India,Any,C++|HTML,Git|Algorithms,C++|HTML,Communication|Teamwork|Problem Solving,None,NA,No,India,Hyderabad,Hybrid,2027-03-03,2027-05-26,2026-12-06,7 Months,20000 INR/month,100000 INR,Funding|Networking,Yes,Yes,No,High,https://sample-opportunities.example/opportunity/174,contact174@sampleorg.example,2026-09-04,Open
175,Sustainability Opportunity 175,CommunitySampleOrg175,Government Innovation Program,Sustainability,Government Innovation Program in Sustainability for student development,NA,NA,1|2|3|4,ECE|EEE|CSE,Any Degree,18,NA,International,Any,Java|CSS,GitHub|Machine Learning,Java|CSS,Communication|Teamwork|Problem Solving,Basic Experience,NPTEL Preferred,Yes,Online,NA,Online,2027-03-04,2027-05-28,2026-12-06,8 Months,30000 INR/month,250000 INR,Prize|Certificate,Yes,No,No,Medium,https://sample-opportunities.example/opportunity/175,contact175@sampleorg.example,2026-09-04,Upcoming
176,Competitive Programming Opportunity 176,CommunitySampleOrg176,Government Grant,Competitive Programming,Government Grant in Competitive Programming for student development,6.0,NA,1,All,UG,18,NA,Any,Any,JavaScript|SQL,DSA|Deep Learning,JavaScript|SQL,Communication|Teamwork|Problem Solving,Research Experience,Cloud Certification Preferred,No,International,Bengaluru,Remote,2027-03-05,2027-05-30,2026-12-07,9 Months,NA,NA,Certificate|Mentorship,Yes,Yes,No,Low,https://sample-opportunities.example/opportunity/176,contact176@sampleorg.example,2026-09-04,Closed
177,Artificial Intelligence Opportunity 177,CommunitySampleOrg177,Public Sector Internship,Artificial Intelligence,Public Sector Internship in Artificial Intelligence for student development,7.0,NA,2|3,CSE|IT|AIML,UG|PG,18,NA,India,Any,HTML|Git,Algorithms|Artificial Intelligence,HTML|Git,Communication|Teamwork|Problem Solving,None,NA,Yes,India,Delhi,On-site,2027-03-06,2027-06-01,2026-12-07,10 Months,10000 INR/month,50000 INR,Stipend|Certificate|Mentorship,Yes,No,Yes,High,https://sample-opportunities.example/opportunity/177,contact177@sampleorg.example,2026-09-04,Open
178,Machine Learning Opportunity 178,CommunitySampleOrg178,Private Internship,Machine Learning,Private Internship in Machine Learning for student development,7.5,NA,3|4,All Engineering,BTech|BE,18,NA,International,Any,CSS|GitHub,Machine Learning|Data Science,CSS|GitHub,Communication|Teamwork|Problem Solving,Basic Experience,NPTEL Preferred,No,Online,Mumbai,Hybrid,2027-03-07,2027-06-03,2026-12-08,11 Months,20000 INR/month,100000 INR,Funding|Networking,Yes,Yes,Yes,Medium,https://sample-opportunities.example/opportunity/178,contact178@sampleorg.example,2026-09-04,Upcoming
179,Data Science Opportunity 179,CommunitySampleOrg179,Technology Internship,Data Science,Technology Internship in Data Science for student development,8.0,NA,1|2|3|4,ECE|EEE|CSE,Any Degree,18,NA,Any,Any,SQL|DSA,Deep Learning|Statistics,SQL|DSA,Communication|Teamwork|Problem Solving,Research Experience,Cloud Certification Preferred,Yes,International,Hyderabad,Online,2027-03-08,2027-06-05,2026-12-08,12 Months,30000 INR/month,250000 INR,Prize|Certificate,Yes,No,Yes,Low,https://sample-opportunities.example/opportunity/179,contact179@sampleorg.example,2026-09-04,Closed
180,Web Development Opportunity 180,CommunitySampleOrg180,Research Internship,Web Development,Research Internship in Web Development for student development,NA,NA,1,All,UG,18,NA,India,Any,Git|Algorithms,Artificial Intelligence|Pandas,Git|Algorithms,Communication|Teamwork|Problem Solving,None,NA,No,India,NA,Remote,2027-03-09,2027-06-07,2026-12-09,1 Months,NA,NA,Certificate|Mentorship,Yes,Yes,Yes,High,https://sample-opportunities.example/opportunity/180,contact180@sampleorg.example,2026-09-04,Open
181,Mobile Development Opportunity 181,CommunitySampleOrg181,Scholarship,Mobile Development,Scholarship in Mobile Development for student development,6.0,NA,2|3,CSE|IT|AIML,UG|PG,18,NA,International,Any,GitHub|Machine Learning,Data Science|NumPy,GitHub|Machine Learning,Communication|Teamwork|Problem Solving,Basic Experience,NPTEL Preferred,Yes,Online,Bengaluru,On-site,2027-03-10,2027-06-09,2026-12-09,2 Months,10000 INR/month,50000 INR,Stipend|Certificate|Mentorship,Yes,No,No,Medium,https://sample-opportunities.example/opportunity/181,contact181@sampleorg.example,2026-09-04,Upcoming
182,Software Engineering Opportunity 182,CommunitySampleOrg182,Fellowship,Software Engineering,Fellowship in Software Engineering for student development,7.0,NA,3|4,All Engineering,BTech|BE,18,NA,Any,Any,DSA|Deep Learning,Statistics|TensorFlow,DSA|Deep Learning,Communication|Teamwork|Problem Solving,Research Experience,Cloud Certification Preferred,No,International,Delhi,Hybrid,2027-03-11,2027-06-11,2026-12-10,3 Months,20000 INR/month,100000 INR,Funding|Networking,Yes,Yes,No,Low,https://sample-opportunities.example/opportunity/182,contact182@sampleorg.example,2026-09-04,Closed
183,Cybersecurity Opportunity 183,CommunitySampleOrg183,Hackathon,Cybersecurity,Hackathon in Cybersecurity for student development,7.5,NA,1|2|3|4,ECE|EEE|CSE,Any Degree,18,NA,India,Any,Algorithms|Artificial Intelligence,Pandas|PyTorch,Algorithms|Artificial Intelligence,Communication|Teamwork|Problem Solving,None,NA,Yes,India,Mumbai,Online,2027-03-12,2027-06-13,2026-12-10,4 Months,30000 INR/month,250000 INR,Prize|Certificate,Yes,No,No,High,https://sample-opportunities.example/opportunity/183,contact183@sampleorg.example,2026-09-04,Open
184,Cloud Computing Opportunity 184,CommunitySampleOrg184,Competition,Cloud Computing,Competition in Cloud Computing for student development,8.0,NA,1,All,UG,18,NA,International,Any,Machine Learning|Data Science,NumPy|NLP,Machine Learning|Data Science,Communication|Teamwork|Problem Solving,Basic Experience,NPTEL Preferred,No,Online,Hyderabad,Remote,2027-03-13,2027-06-15,2026-12-11,5 Months,NA,NA,Certificate|Mentorship,Yes,Yes,No,Medium,https://sample-opportunities.example/opportunity/184,contact184@sampleorg.example,2026-09-04,Upcoming
185,DevOps Opportunity 185,CommunitySampleOrg185,Grant,DevOps,Grant in DevOps for student development,NA,NA,2|3,CSE|IT|AIML,UG|PG,18,NA,Any,Any,Deep Learning|Statistics,TensorFlow|Computer Vision,Deep Learning|Statistics,Communication|Teamwork|Problem Solving,Research Experience,Cloud Certification Preferred,Yes,International,NA,On-site,2027-03-14,2027-06-17,2026-12-11,6 Months,10000 INR/month,50000 INR,Stipend|Certificate|Mentorship,Yes,No,No,Low,https://sample-opportunities.example/opportunity/185,contact185@sampleorg.example,2026-09-04,Closed
186,Blockchain Opportunity 186,CommunitySampleOrg186,Exchange Program,Blockchain,Exchange Program in Blockchain for student development,6.0,NA,3|4,All Engineering,BTech|BE,18,NA,India,Any,Artificial Intelligence|Pandas,PyTorch|Cybersecurity,Artificial Intelligence|Pandas,Communication|Teamwork|Problem Solving,None,NA,No,India,Bengaluru,Hybrid,2027-03-15,2027-06-19,2026-12-12,7 Months,20000 INR/month,100000 INR,Funding|Networking,Yes,Yes,No,High,https://sample-opportunities.example/opportunity/186,contact186@sampleorg.example,2026-09-04,Open
187,Robotics Opportunity 187,CommunitySampleOrg187,Certification,Robotics,Certification in Robotics for student development,7.0,NA,1|2|3|4,ECE|EEE|CSE,Any Degree,18,NA,International,Any,Data Science|NumPy,NLP|Linux,Data Science|NumPy,Communication|Teamwork|Problem Solving,Basic Experience,NPTEL Preferred,Yes,Online,Delhi,Online,2027-03-16,2027-06-21,2026-12-12,8 Months,30000 INR/month,250000 INR,Prize|Certificate,Yes,No,No,Medium,https://sample-opportunities.example/opportunity/187,contact187@sampleorg.example,2026-09-04,Upcoming
188,Internet of Things Opportunity 188,CommunitySampleOrg188,Apprenticeship,Internet of Things,Apprenticeship in Internet of Things for student development,7.5,NA,1,All,UG,18,NA,Any,Any,Statistics|TensorFlow,Computer Vision|Networking,Statistics|TensorFlow,Communication|Teamwork|Problem Solving,Research Experience,Cloud Certification Preferred,No,International,Mumbai,Remote,2027-03-17,2027-06-23,2026-12-13,9 Months,NA,NA,Certificate|Mentorship,Yes,Yes,Yes,Low,https://sample-opportunities.example/opportunity/188,contact188@sampleorg.example,2026-09-04,Closed
189,Computer Vision Opportunity 189,CommunitySampleOrg189,Training Program,Computer Vision,Training Program in Computer Vision for student development,8.0,NA,2|3,CSE|IT|AIML,UG|PG,18,NA,India,Any,Pandas|PyTorch,Cybersecurity|AWS,Pandas|PyTorch,Communication|Teamwork|Problem Solving,None,NA,Yes,India,Hyderabad,On-site,2027-03-18,2027-06-25,2026-12-13,10 Months,10000 INR/month,50000 INR,Stipend|Certificate|Mentorship,Yes,No,No,High,https://sample-opportunities.example/opportunity/189,contact189@sampleorg.example,2026-09-04,Open
190,Natural Language Processing Opportunity 190,CommunitySampleOrg190,Entrepreneurship Program,Natural Language Processing,Entrepreneurship Program in Natural Language Processing for student development,NA,NA,3|4,All Engineering,BTech|BE,18,NA,International,Any,NumPy|NLP,Linux|Azure,NumPy|NLP,Communication|Teamwork|Problem Solving,Basic Experience,NPTEL Preferred,No,Online,NA,Hybrid,2027-03-19,2027-06-27,2026-12-14,11 Months,20000 INR/month,100000 INR,Funding|Networking,Yes,Yes,No,Medium,https://sample-opportunities.example/opportunity/190,contact190@sampleorg.example,2026-09-04,Upcoming
191,FinTech Opportunity 191,CommunitySampleOrg191,Workshop,FinTech,Workshop in FinTech for student development,6.0,NA,1|2|3|4,ECE|EEE|CSE,Any Degree,18,NA,Any,Any,TensorFlow|Computer Vision,Networking|Docker,TensorFlow|Computer Vision,Communication|Teamwork|Problem Solving,Research Experience,Cloud Certification Preferred,Yes,International,Bengaluru,Online,2027-03-20,2027-06-29,2026-12-14,12 Months,30000 INR/month,250000 INR,Prize|Certificate,Yes,No,No,Low,https://sample-opportunities.example/opportunity/191,contact191@sampleorg.example,2026-09-04,Closed
192,Healthcare Technology Opportunity 192,CommunitySampleOrg192,Open Source Program,Healthcare Technology,Open Source Program in Healthcare Technology for student development,7.0,NA,1,All,UG,18,NA,India,Any,PyTorch|Cybersecurity,AWS|Kubernetes,PyTorch|Cybersecurity,Communication|Teamwork|Problem Solving,None,NA,No,India,Delhi,Remote,2027-03-21,2027-07-01,2026-12-15,1 Months,NA,NA,Certificate|Mentorship,Yes,Yes,No,High,https://sample-opportunities.example/opportunity/192,contact192@sampleorg.example,2026-09-04,Open
193,EdTech Opportunity 193,CommunitySampleOrg193,Government Internship,EdTech,Government Internship in EdTech for student development,7.5,NA,2|3,CSE|IT|AIML,UG|PG,18,NA,International,Any,NLP|Linux,Azure|Flutter,NLP|Linux,Communication|Teamwork|Problem Solving,Basic Experience,NPTEL Preferred,Yes,Online,Mumbai,On-site,2027-03-22,2027-07-03,2026-12-15,2 Months,10000 INR/month,50000 INR,Stipend|Certificate|Mentorship,Yes,No,Yes,Medium,https://sample-opportunities.example/opportunity/193,contact193@sampleorg.example,2026-09-04,Upcoming
194,UI/UX Opportunity 194,CommunitySampleOrg194,Government Scholarship,UI/UX,Government Scholarship in UI/UX for student development,8.0,NA,3|4,All Engineering,BTech|BE,18,NA,Any,Any,Computer Vision|Networking,Docker|Kotlin,Computer Vision|Networking,Communication|Teamwork|Problem Solving,Research Experience,Cloud Certification Preferred,No,International,Hyderabad,Hybrid,2027-03-23,2027-07-05,2026-12-16,3 Months,20000 INR/month,100000 INR,Funding|Networking,Yes,Yes,No,Low,https://sample-opportunities.example/opportunity/194,contact194@sampleorg.example,2026-09-04,Closed
195,Research Opportunity 195,CommunitySampleOrg195,Government Fellowship,Research,Government Fellowship in Research for student development,NA,NA,1|2|3|4,ECE|EEE|CSE,Any Degree,18,NA,India,Any,Cybersecurity|AWS,Kubernetes|Android,Cybersecurity|AWS,Communication|Teamwork|Problem Solving,None,NA,Yes,India,NA,Online,2027-03-24,2027-07-07,2026-12-16,4 Months,30000 INR/month,250000 INR,Prize|Certificate,Yes,No,No,High,https://sample-opportunities.example/opportunity/195,contact195@sampleorg.example,2026-09-04,Open
196,Entrepreneurship Opportunity 196,CommunitySampleOrg196,Government Program,Entrepreneurship,Government Program in Entrepreneurship for student development,6.0,NA,1,All,UG,18,NA,International,Any,Linux|Azure,Flutter|React,Linux|Azure,Communication|Teamwork|Problem Solving,Basic Experience,NPTEL Preferred,No,Online,Bengaluru,Remote,2027-03-25,2027-07-09,2026-12-17,5 Months,NA,NA,Certificate|Mentorship,Yes,Yes,No,Medium,https://sample-opportunities.example/opportunity/196,contact196@sampleorg.example,2026-09-04,Upcoming
197,Sustainability Opportunity 197,CommunitySampleOrg197,Government Research Program,Sustainability,Government Research Program in Sustainability for student development,7.0,NA,2|3,CSE|IT|AIML,UG|PG,18,NA,Any,Any,Networking|Docker,Kotlin|Node.js,Networking|Docker,Communication|Teamwork|Problem Solving,Research Experience,Cloud Certification Preferred,Yes,International,Delhi,On-site,2027-03-26,2027-07-11,2026-12-17,6 Months,10000 INR/month,50000 INR,Stipend|Certificate|Mentorship,Yes,No,No,Low,https://sample-opportunities.example/opportunity/197,contact197@sampleorg.example,2026-09-04,Closed
198,Competitive Programming Opportunity 198,CommunitySampleOrg198,Government Skill Development Program,Competitive Programming,Government Skill Development Program in Competitive Programming for student development,7.5,NA,3|4,All Engineering,BTech|BE,18,NA,India,Any,AWS|Kubernetes,Android|MongoDB,AWS|Kubernetes,Communication|Teamwork|Problem Solving,None,NA,No,India,Mumbai,Hybrid,2027-03-27,2027-07-13,2026-12-18,7 Months,20000 INR/month,100000 INR,Funding|Networking,Yes,Yes,No,High,https://sample-opportunities.example/opportunity/198,contact198@sampleorg.example,2026-09-04,Open
199,Artificial Intelligence Opportunity 199,CommunitySampleOrg199,Government Innovation Program,Artificial Intelligence,Government Innovation Program in Artificial Intelligence for student development,8.0,NA,1|2|3|4,ECE|EEE|CSE,Any Degree,18,NA,International,Any,Azure|Flutter,React|Figma,Azure|Flutter,Communication|Teamwork|Problem Solving,Basic Experience,NPTEL Preferred,Yes,Online,Hyderabad,Online,2027-03-28,2027-07-15,2026-12-18,8 Months,30000 INR/month,250000 INR,Prize|Certificate,Yes,No,No,Medium,https://sample-opportunities.example/opportunity/199,contact199@sampleorg.example,2026-09-04,Upcoming
200,Machine Learning Opportunity 200,CommunitySampleOrg200,Government Grant,Machine Learning,Government Grant in Machine Learning for student development,NA,NA,1,All,UG,18,NA,Any,Any,Docker|Kotlin,Node.js|IoT,Docker|Kotlin,Communication|Teamwork|Problem Solving,Research Experience,Cloud Certification Preferred,No,International,NA,Remote,2027-03-29,2027-07-17,2026-12-19,9 Months,NA,NA,Certificate|Mentorship,Yes,Yes,No,Low,https://sample-opportunities.example/opportunity/200,contact200@sampleorg.example,2026-09-04,Closed
